player,salary,win_pct,top10_pct,make_cut_pct,expected_finish,expected_4r_to_par_if_made_cut,dk_points_proxy,course_fit_ceiling,course_fit_coverage,top5_pct,top20_pct,course_fit_round_shift,simulation_version,model_data_confidence
Jackson Koivun,10800,7.26,34.705999999999996,78.75,29.60798,-15.330424835702425,17.14896,1.2566898607112726,0.9999999999999999,22.594,50.86000000000001,-0.42531827779443215,V10.2 Course-Fit Monte Carlo,0.8125
Benjamin James,9900,4.292,26.71,73.79400000000001,35.00766,-13.725756694679683,14.466200000000002,0.8617793354876174,0.9999999999999999,16.04,42.402,-0.29350392847774825,V10.2 Course-Fit Monte Carlo,0.7375
Ben Kohles,7800,2.718,20.256,68.202,40.57028,-12.258965974346376,12.20288,0.5968253599631506,0.9999999999999999,11.533999999999999,34.494,-0.20506684298136463,V10.2 Course-Fit Monte Carlo,0.8125
Doug Ghim,9500,2.038,16.608,64.68,44.12594,-11.346715101202244,10.8726,0.45805436223243745,0.9999999999999999,8.946,29.956,-0.15874746782786273,V10.2 Course-Fit Monte Carlo,1.0
Davis Thompson,9100,3.514,21.922,68.24799999999999,40.1771,-12.463994032668706,12.655399999999998,1.5843433287596684,0.9999999999999999,13.074,35.976,-0.45,V10.2 Course-Fit Monte Carlo,0.85
Maverick McNealy,9600,1.468,13.938,61.698,46.89778,-10.658731297173274,9.850480000000001,-0.11197692264717467,0.9999999999999999,7.162,26.264,0.03151918273559129,V10.2 Course-Fit Monte Carlo,0.6625
Beau Hossler,8300,1.35,13.211999999999998,60.309999999999995,47.97538,-10.421708386654158,9.54012,0.11090162566985562,0.9999999999999999,6.710000000000001,25.44,-0.042873847955140584,V10.2 Course-Fit Monte Carlo,0.85
Christiaan Bezuidenhout,7600,1.69,14.724,61.912,46.5705,-10.777479835468084,10.084480000000001,0.5170183420225903,0.9999999999999999,7.82,27.154,-0.17842863136423417,V10.2 Course-Fit Monte Carlo,1.0
Mac Meissner,8600,1.552,13.994000000000002,61.407999999999994,47.2276,-10.594712090825206,9.845680000000002,0.3665876530595145,0.9999999999999999,7.39,26.288,-0.12821745157433545,V10.2 Course-Fit Monte Carlo,1.0
Michael Brennan,10200,2.25,17.982,65.482,43.1591,-11.606900853442827,11.33152,0.9221559462219817,0.9999999999999999,10.032,31.702,-0.3136566039563005,V10.2 Course-Fit Monte Carlo,0.8125
Matt Wallace,9700,2.318,18.198,65.106,43.40146,-11.58931376188364,11.29556,1.0261601434052485,0.9999999999999999,9.988,31.468,-0.34837141833141055,V10.2 Course-Fit Monte Carlo,0.7375
Jackson Suber,9300,1.884,15.6,62.758,45.70304,-10.997113277397053,10.410599999999999,0.7312984460627728,0.9999999999999999,8.486,28.29,-0.2499516490644372,V10.2 Course-Fit Monte Carlo,0.85
Kevin Yu,9200,1.536,14.384,61.12800000000001,47.2067,-10.624146535242799,9.884480000000002,0.511175409917462,0.9999999999999999,7.457999999999999,26.444000000000003,-0.17647836100083258,V10.2 Course-Fit Monte Carlo,0.85
Zachary Bauchou,7300,1.376,12.986,59.716,48.56626,-10.293019154829835,9.408400000000002,0.28962472932553585,0.9999999999999999,6.552,24.94,-0.10252854974585543,V10.2 Course-Fit Monte Carlo,0.85
Sudarshan Yellamaraju,7200,1.528,14.008000000000001,60.772000000000006,47.52154,-10.55060102025216,9.80212,0.5141920022461235,0.9999999999999999,7.475999999999999,26.314,-0.17748524769936008,V10.2 Course-Fit Monte Carlo,0.6625
Kevin Roy,7600,1.3379999999999999,12.845999999999998,58.756,49.24986,-10.135181231821798,9.257320000000002,0.4689673147376075,0.9999999999999999,6.682,24.3,-0.16239002390503537,V10.2 Course-Fit Monte Carlo,1.0
Jordan L. Smith,8000,1.7340000000000002,14.396,61.187999999999995,47.09474,-10.666759922497633,9.9532,0.6235424168317983,0.9999999999999999,7.788,26.669999999999998,-0.21398453760295807,V10.2 Course-Fit Monte Carlo,0.6
Johnny Keefer,8400,1.37,12.889999999999999,59.440000000000005,49.03206,-10.165274225672968,9.33036,0.4298823254429189,0.9999999999999999,6.558,24.524,-0.14934412590317495,V10.2 Course-Fit Monte Carlo,0.85
Zac Blair,7000,1.448,13.238,59.653999999999996,48.55562,-10.301220404612975,9.461079999999999,0.6387250316875592,0.55,6.812,25.11,-0.12047872849430648,V10.2 Course-Fit Monte Carlo,0.75
Zecheng Dou,7300,1.336,12.442,58.85399999999999,49.41054,-10.080400281534668,9.171559999999998,0.21940611661910614,0.9999999999999999,6.262,24.006,-0.07909078308066898,V10.2 Course-Fit Monte Carlo,0.6
Mackenzie Hughes,7500,0.902,9.988,54.912000000000006,52.98122,-9.240557229812326,8.11248,-0.15965103324915744,0.9999999999999999,4.886,20.434,0.04743198188089894,V10.2 Course-Fit Monte Carlo,0.85
Lee Hodges,7300,1.22,12.078,58.194,50.10846,-9.905900122267385,8.99132,0.3724132689773429,0.9999999999999999,6.098,23.442,-0.13016194209188386,V10.2 Course-Fit Monte Carlo,0.85
Rasmus Højgaard,8700,1.29,12.674,59.326,49.1198,-10.137530922198746,9.2644,0.18441838644282274,0.9999999999999999,6.506,24.282,-0.0674124797874291,V10.2 Course-Fit Monte Carlo,0.6
Ben Silverman,6600,1.1320000000000001,11.450000000000001,56.84,51.09568,-9.700705263793619,8.690880000000002,0.49514794910561194,0.55,5.804,22.38,-0.09412076845099074,V10.2 Course-Fit Monte Carlo,0.75
Chris Kirk,8100,1.5699999999999998,13.536000000000001,59.648,48.6548,-10.28224392185212,9.536159999999999,0.8440742928840442,0.9999999999999999,7.12,25.282,-0.2875942894042076,V10.2 Course-Fit Monte Carlo,0.85
Harry Hall,8900,1.084,11.283999999999999,57.147999999999996,51.13478,-9.655764308088976,8.65596,0.19690740893444017,0.9999999999999999,5.542,22.026,-0.07158110095142985,V10.2 Course-Fit Monte Carlo,0.6625
Eric Cole,8500,0.836,9.19,53.605999999999995,54.1898,-8.97218395080568,7.755119999999999,-0.20654497230098864,0.9999999999999999,4.426,19.064,0.0630843731650072,V10.2 Course-Fit Monte Carlo,0.85
Rico Hoey,8200,0.9860000000000001,10.834000000000001,56.001999999999995,52.03716,-9.458839056912101,8.42236,0.4568437447861058,0.9999999999999999,5.314,21.512,-0.15834338452096872,V10.2 Course-Fit Monte Carlo,1.0
Rasmus Neergaard-Petersen,7500,0.9299999999999999,10.006,55.032000000000004,52.83672,-9.280045292990602,8.145520000000001,0.04416799879524558,0.9999999999999999,5.018000000000001,20.466,-0.020599309693499483,V10.2 Course-Fit Monte Carlo,0.6625
Nick Taylor,7800,0.772,8.872,52.72599999999999,55.05822,-8.757286004764033,7.551119999999999,-0.18984613793365684,0.9999999999999999,4.152,18.323999999999998,0.05751058911549293,V10.2 Course-Fit Monte Carlo,0.85
Chandler Phillips,7200,0.922,9.982000000000001,54.815999999999995,53.13612,-9.217846380762184,8.081719999999999,0.15520996628987282,0.9999999999999999,4.978,20.116,-0.05766321089962488,V10.2 Course-Fit Monte Carlo,0.85
Kris Ventura,7400,1.798,15.262,61.92999999999999,46.56812,-10.775673974873705,10.21928,0.9186727607244821,0.9999999999999999,8.176,27.686,-0.312493976473424,V10.2 Course-Fit Monte Carlo,0.6
A.J. Ewart,6700,0.984,10.459999999999999,55.518,52.36026,-9.399702055951877,8.280240000000001,0.28697751174319885,0.55,5.114,20.912,-0.055904724695774115,V10.2 Course-Fit Monte Carlo,0.6
Seamus Power,7300,0.7040000000000001,8.718,53.081999999999994,55.01216,-8.743837478793887,7.57632,-0.10568048818121774,0.9999999999999999,4.222,18.332,0.029417541074672756,V10.2 Course-Fit Monte Carlo,1.0
Austin Eckroat,7400,0.9440000000000001,10.264,55.31399999999999,52.71332,-9.30254999122733,8.1998,0.26954263245191196,0.9999999999999999,5.0840000000000005,20.454,-0.09582549079139437,V10.2 Course-Fit Monte Carlo,0.85
Andrew Putnam,6600,0.856,9.814,54.22,53.61156,-9.083949200581078,7.96168,0.17900548935453806,0.9999999999999999,4.707999999999999,19.811999999999998,-0.06560574772525797,V10.2 Course-Fit Monte Carlo,0.85
Max Homa,8800,1.008,10.952,55.967999999999996,52.1575,-9.431756613664778,8.42644,0.3214965225933624,0.9999999999999999,5.41,21.398,-0.11316680682643114,V10.2 Course-Fit Monte Carlo,0.8125
Joel Dahmen,6800,1.37,13.016,58.8,49.4234,-10.098248049022454,9.30336,1.010765466736243,0.9999999999999999,6.832000000000001,24.582,-0.34323293971801716,V10.2 Course-Fit Monte Carlo,0.85
William Mouw,7100,1.558,13.532,59.662000000000006,48.76614,-10.244057880413596,9.534880000000001,1.0647571403568896,0.9999999999999999,7.180000000000001,25.342,-0.36125443287217834,V10.2 Course-Fit Monte Carlo,0.85
Billy Horschel,7600,1.458,13.211999999999998,59.006,49.26656,-10.134410347520399,9.357399999999998,0.9435414860986195,0.9999999999999999,6.92,24.584,-0.32079472979386464,V10.2 Course-Fit Monte Carlo,0.85
David Ford,7100,0.754,8.848,52.900000000000006,55.09498,-8.719244797353698,7.57068,0.03647183691920177,0.9999999999999999,4.196,18.304000000000002,-0.01803046306842651,V10.2 Course-Fit Monte Carlo,1.0
John Parry,7500,0.792,9.078,52.882,54.76956,-8.837802249589659,7.64664,0.11124771236505139,0.9999999999999999,4.342,18.816,-0.04298936574871814,V10.2 Course-Fit Monte Carlo,0.85
Max McGreevy,7100,0.826,9.038,52.886,54.75318,-8.83853550672756,7.651360000000001,0.17735945364169292,0.9999999999999999,4.454000000000001,18.658,-0.06505632928087028,V10.2 Course-Fit Monte Carlo,0.85
Stephan Jaeger,7700,0.9299999999999999,9.852,54.908,53.2423,-9.16852832178596,8.067319999999999,0.19924581209104128,0.9999999999999999,4.826,19.996,-0.07236161975465215,V10.2 Course-Fit Monte Carlo,0.6
Denny McCarthy,7200,0.8699999999999999,9.314,53.664,54.20546,-8.956984839982294,7.7850399999999995,0.20029082317445382,0.9999999999999999,4.584,19.017999999999997,-0.07271042650248631,V10.2 Course-Fit Monte Carlo,0.85
Max Greyserman,7900,0.694,8.298,52.368,55.67272,-8.587831665901113,7.384759999999999,-0.12585354837725873,0.9999999999999999,3.8920000000000003,17.632,0.036150962023535724,V10.2 Course-Fit Monte Carlo,0.85
Patrick Fishburn,7000,0.89,9.704,54.478,53.59718,-9.088408105459695,7.972680000000001,0.1193483246542404,0.9999999999999999,4.612,19.811999999999998,-0.04569321097381426,V10.2 Course-Fit Monte Carlo,0.6
Emiliano Grillo,7400,0.958,10.412,55.224,52.64688,-9.339426111431118,8.24544,0.5437990335506272,0.9999999999999999,5.118,20.886,-0.18736756614197847,V10.2 Course-Fit Monte Carlo,0.85
Hao-Tong Li,7500,0.91,9.594,53.776,54.02244,-9.011066731770663,7.8611200000000006,0.28372300342316353,0.9999999999999999,4.632,19.366,-0.10055865502292788,V10.2 Course-Fit Monte Carlo,0.6
Marco Penge,9400,0.796,8.835999999999999,52.82,55.14712,-8.724857274330459,7.56652,0.17237170477630417,0.9999999999999999,4.322,18.218,-0.06339150439205807,V10.2 Course-Fit Monte Carlo,0.85
Pierceson Coody,7700,0.582,7.698,50.62799999999999,56.89668,-8.313870253953127,7.046800000000001,-0.1320869401729857,0.9999999999999999,3.5340000000000003,16.798,0.0382315611241152,V10.2 Course-Fit Monte Carlo,1.0
Hayden Springer,7100,0.6859999999999999,8.193999999999999,51.956,55.9167,-8.539663067779232,7.3194,-0.00895548270179049,0.9999999999999999,3.9079999999999995,17.46,-0.0028676041558896347,V10.2 Course-Fit Monte Carlo,0.75
David Skinns,6500,0.7080000000000001,8.57,52.205999999999996,55.45288,-8.670518888620592,7.45392,0.05313828484435955,0.55,4.09,18.168,-0.012976390393942952,V10.2 Course-Fit Monte Carlo,0.6
Adrien Dumont De Chassart,6800,0.638,7.91,50.824000000000005,56.75176,-8.358940190830584,7.123279999999999,-0.2092526046930786,0.55,3.7359999999999998,16.974,0.035193473889310475,V10.2 Course-Fit Monte Carlo,0.6
Neal Shipley,7900,0.736,8.698,52.093999999999994,55.75936,-8.575620344406312,7.4524799999999995,0.26972298617337315,0.9999999999999999,4.228,18.02,-0.09588568976539685,V10.2 Course-Fit Monte Carlo,0.85
Steven Fisk,7200,0.622,7.758,50.442,57.1516,-8.270632280388305,7.007,-0.10995999682256204,0.9999999999999999,3.5540000000000003,16.46,0.030845967543261937,V10.2 Course-Fit Monte Carlo,0.85
Davis Chatfield,6800,0.736,8.636000000000001,52.480000000000004,55.214,-8.715120343095856,7.51276,0.18619127350382148,0.55,4.048,18.43,-0.03740233146798728,V10.2 Course-Fit Monte Carlo,0.6
Kevin Streelman,6500,0.67,8.322000000000001,51.73,55.97046,-8.541335047376107,7.3182,0.046641315824888896,0.55,3.8379999999999996,17.636,-0.011783673236452808,V10.2 Course-Fit Monte Carlo,0.6
Paul Peterson,6400,0.604,7.534000000000001,49.99,57.69396,-8.124595771311164,6.916319999999999,-0.12758309341327725,0.55,3.5520000000000005,16.02,0.020200539944984802,V10.2 Course-Fit Monte Carlo,0.75
Taylor Moore,6900,0.424,6.292000000000001,47.05,60.45354,-7.485939141510998,6.25632,-0.449704293789795,0.9999999999999999,2.874,13.855999999999998,0.14424677754554618,V10.2 Course-Fit Monte Carlo,1.0
Taylor Pendrith,7400,0.7100000000000001,8.674,51.856,55.69766,-8.608580942059287,7.4238,0.28599829559954976,0.9999999999999999,4.148000000000001,17.924,-0.10131810846511162,V10.2 Course-Fit Monte Carlo,0.85
C.T. Pan,6100,0.47000000000000003,7.436,50.016000000000005,57.5408,-8.15765875656675,6.89972,-0.19432269301087393,0.55,3.472,16.12,0.03245263246466892,V10.2 Course-Fit Monte Carlo,0.48
Austin Smotherman,7000,1.098,10.688,55.174,52.81032,-9.292866119579378,8.30752,0.8490426838633516,0.9999999999999999,5.45,20.998,-0.2892526529631869,V10.2 Course-Fit Monte Carlo,0.85
Chad Ramey,6900,0.5,6.916,47.874,59.30986,-7.788305914758539,6.52368,-0.2633161685660463,0.9999999999999999,3.184,14.899999999999999,0.08203362322961419,V10.2 Course-Fit Monte Carlo,0.85
Matthew McCarty,9000,0.638,7.8100000000000005,50.464,57.0782,-8.286358271852126,7.0558,0.014542804203667175,0.9999999999999999,3.7199999999999998,16.728,-0.01071092865767508,V10.2 Course-Fit Monte Carlo,0.85
Takumi Kanaya,6700,0.434,6.388000000000001,47.11,60.22566,-7.537676042118461,6.296760000000001,-0.39831168925496485,0.9999999999999999,2.868,13.947999999999999,0.12709280900390826,V10.2 Course-Fit Monte Carlo,0.85
Patrick Rodgers,7000,0.316,4.444,41.364000000000004,65.35462,-6.3682898467419475,5.213960000000001,-0.7909756793441942,0.9999999999999999,1.9560000000000002,10.738,0.25815730348500954,V10.2 Course-Fit Monte Carlo,0.75
Bowen Mauss,6000,0.638,8.232000000000001,51.394,56.10152,-8.52619064453829,7.25956,0.03729110836140011,0.2,3.766,17.492,-0.003660784360382078,V10.2 Course-Fit Monte Carlo,0.0
Boston Bracken,6200,0.672,8.193999999999999,51.94,55.96896,-8.533599818224534,7.30048,0.03729110836140011,0.2,3.8219999999999996,17.352,-0.003660784360382078,V10.2 Course-Fit Monte Carlo,0.0
Zach J. Johnson,6000,0.628,8.282,51.593999999999994,56.05334,-8.51032647343681,7.28388,0.03729110836140011,0.2,3.734,17.534,-0.003660784360382078,V10.2 Course-Fit Monte Carlo,0.0
Trace Crowe,6900,0.774,8.66,51.684,56.10142,-8.505616637201065,7.39068,0.4308545070304028,0.9999999999999999,4.186,17.804000000000002,-0.14966862341637563,V10.2 Course-Fit Monte Carlo,0.85
David Lipsky,6400,0.37,5.772,45.474,61.6607,-7.221545557035487,5.97256,-0.39763950676421617,0.9999999999999999,2.56,13.122,0.1268684460356386,V10.2 Course-Fit Monte Carlo,0.85
Jesper Svensson,7000,0.432,5.972,46.328,60.89578,-7.408166281720448,6.1266799999999995,-0.09213563869174303,0.9999999999999999,2.694,13.478000000000002,0.02489650299639826,V10.2 Course-Fit Monte Carlo,0.85
Tony Finau,7200,0.364,5.26,43.769999999999996,63.20596,-6.8580893304111274,5.6388,-0.37604958139002587,0.9999999999999999,2.308,11.908000000000001,0.11966209983004455,V10.2 Course-Fit Monte Carlo,0.85
Erik Van Rooyen,6500,0.358,5.756,45.454,61.78474,-7.166043255539536,5.954320000000001,-0.34067366998024295,0.9999999999999999,2.492,13.062000000000001,0.10785422830946581,V10.2 Course-Fit Monte Carlo,0.85
Tom Hoge,6800,0.826,9.11,52.239999999999995,55.55748,-8.632834759140096,7.531440000000001,0.7334457240090739,0.9999999999999999,4.390000000000001,18.166,-0.2506683735557215,V10.2 Course-Fit Monte Carlo,0.85
Hank Lebioda,6300,0.5740000000000001,7.031999999999999,48.026,59.2268,-7.7941409659336784,6.56636,0.20112184222618693,0.9999999999999999,3.186,15.072,-0.07298780638622562,V10.2 Course-Fit Monte Carlo,0.85
Aldrich Potgieter,7100,0.28600000000000003,4.522,42.038,65.02362,-6.41465546493078,5.27856,-0.44313172758002145,0.9999999999999999,1.95,10.814,0.14205296785209356,V10.2 Course-Fit Monte Carlo,0.6
Aaron Wise,6400,0.40800000000000003,6.223999999999999,46.522000000000006,60.91836,-7.3706834390639395,6.203720000000001,0.01155676358411853,0.9999999999999999,2.8080000000000003,13.926,-0.00971423959481438,V10.2 Course-Fit Monte Carlo,0.85
Isaiah Salinda,6700,0.512,6.601999999999999,47.208,60.21682,-7.5500015479032605,6.347399999999999,0.1918910683484723,0.9999999999999999,3.0540000000000003,14.198,-0.06990673263745356,V10.2 Course-Fit Monte Carlo,1.0
Matthieu Pavon,6700,0.27,4.47,41.736000000000004,65.2417,-6.367997683353616,5.22492,-0.7282785358824362,0.9999999999999999,1.8960000000000001,10.688,0.2372300740455158,V10.2 Course-Fit Monte Carlo,0.85
John VanDerLaan,6800,0.366,5.29,44.230000000000004,62.97022,-6.892668581613369,5.70264,-0.2799586737981575,0.9999999999999999,2.314,12.086,0.08758860558144652,V10.2 Course-Fit Monte Carlo,0.85
Pontus Nyholm,6500,0.302,4.898000000000001,42.772,64.10258,-6.657154237151284,5.4548,-0.4340437363042839,0.9999999999999999,2.138,11.402,0.13901955248305875,V10.2 Course-Fit Monte Carlo,0.85
Justin Lower,6700,0.38,5.2139999999999995,43.842,63.10138,-6.890205453386337,5.65876,-0.12235269637647793,0.9999999999999999,2.294,12.094000000000001,0.03498243776534943,V10.2 Course-Fit Monte Carlo,1.0
Luke Clanton,6600,0.496,6.537999999999999,47.146,60.4819,-7.463791622536474,6.3372399999999995,0.3666335646645539,0.9999999999999999,2.942,14.282,-0.12823277607940128,V10.2 Course-Fit Monte Carlo,1.0
Gordon Sargent,6900,0.25,4.16,40.410000000000004,66.36376,-6.107974420834726,4.98604,-0.7676182959915594,0.9999999999999999,1.806,9.8,0.25036101016863305,V10.2 Course-Fit Monte Carlo,0.85
Dylan Wu,6400,0.364,5.064,43.112,63.83796,-6.711582797031567,5.5328,-0.19451040879004322,0.9999999999999999,2.2640000000000002,11.600000000000001,0.05906744260179376,V10.2 Course-Fit Monte Carlo,0.85
Brice Garnett,6300,0.336,4.806,42.925999999999995,64.13062,-6.635764850772823,5.440239999999999,-0.28036317397689675,0.9999999999999999,2.044,11.256,0.08772362079237006,V10.2 Course-Fit Monte Carlo,0.85
Lucas Glover,6900,0.656,7.8759999999999994,49.422,58.04752,-8.060728145783411,6.94632,0.7989998070219863,0.9999999999999999,3.8539999999999996,16.42,-0.2725492003392192,V10.2 Course-Fit Monte Carlo,0.85
Mark Hubbard,6600,0.382,5.351999999999999,44.684000000000005,62.72154,-6.942070110535154,5.77704,-0.10140796310471382,0.55,2.42,12.306000000000001,0.015395295080032756,V10.2 Course-Fit Monte Carlo,0.7375
Ben Martin,6400,0.488,6.714,46.914,60.4444,-7.482153764708315,6.34176,0.48872574923377404,0.9999999999999999,3.008,14.368,-0.16898504991796198,V10.2 Course-Fit Monte Carlo,0.85
Jimmy Stanger,6300,0.25,4.168,40.988,65.98388,-6.191724779651262,5.075760000000001,-0.5412189025811799,0.9999999999999999,1.7319999999999998,10.202,0.17479278186886857,V10.2 Course-Fit Monte Carlo,0.85
Chandler Blanchet,6600,0.318,5.41,44.194,62.86058,-6.936505793021814,5.736159999999999,0.10131566037432059,0.9999999999999999,2.2960000000000003,12.454,-0.03967421741278507,V10.2 Course-Fit Monte Carlo,0.85
Adam Svensson,6500,0.188,3.076,35.782000000000004,70.76188,-5.058813131868862,4.21816,-0.805322433864147,0.9999999999999999,1.188,7.64,0.262946003686866,V10.2 Course-Fit Monte Carlo,1.0
Peter Malnati,6300,0.146,3.034,35.992000000000004,70.5122,-5.129327801077679,4.235880000000001,-0.8774058424101217,0.9999999999999999,1.214,7.603999999999999,0.2870062071687437,V10.2 Course-Fit Monte Carlo,0.85
Vince Whaley,6500,0.146,2.96,35.06,71.41546,-4.906087762049877,4.120520000000001,-0.9881819493112255,0.9999999999999999,1.1820000000000002,7.456,0.3239813686758591,V10.2 Course-Fit Monte Carlo,0.85
Jeffrey Kang,6100,0.216,3.366,37.64,68.95336,-5.5033981251346935,4.53528,-0.41054604470148653,0.9999999999999999,1.4000000000000001,8.744,0.13117642668307483,V10.2 Course-Fit Monte Carlo,0.85
Davis Riley,6300,0.22,3.662,38.23,68.34414,-5.649806326067215,4.648599999999999,-0.38617280444770863,0.9999999999999999,1.538,8.998000000000001,0.12304105778407826,V10.2 Course-Fit Monte Carlo,0.85
Joe Highsmith,6400,0.33,5.026,43.092000000000006,63.91206,-6.680842043170436,5.5282,0.12882298068477038,0.9999999999999999,2.162,11.684,-0.04885568839564646,V10.2 Course-Fit Monte Carlo,0.7375
Garrick Higgo,6700,0.256,3.7560000000000002,38.78,67.91036,-5.746442538452409,4.72548,-0.5758799713903695,0.55,1.566,9.193999999999999,0.10249912816514346,V10.2 Course-Fit Monte Carlo,0.6
Rafael Campos,6100,0.22799999999999998,3.8920000000000003,39.512,67.25616,-5.900300064926869,4.83332,-0.05810629089980654,0.9999999999999999,1.706,9.362,0.01353809127940269,V10.2 Course-Fit Monte Carlo,0.85
Danny Walker,6200,0.16,2.612,33.910000000000004,72.35456,-4.705119141603811,3.91552,-0.6837650486448736,0.9999999999999999,1.036,6.792,0.2223722366842229,V10.2 Course-Fit Monte Carlo,1.0
David Lingmerth,6000,0.208,3.3680000000000003,38.09,68.73258,-5.529224573282595,4.551000000000001,-0.6716121268853864,0.55,1.344,8.622,0.12007369009398026,V10.2 Course-Fit Monte Carlo,0.6
Kensei Hirata,6000,0.106,2.3720000000000003,32.2,74.20504,-4.222924393318565,3.65376,-1.06720211918397,0.9999999999999999,0.938,6.098,0.3503569439248869,V10.2 Course-Fit Monte Carlo,0.85
Nick Dunlap,6300,0.094,2.532,33.232,73.24182,-4.460652796603782,3.79908,-0.6811742287731984,0.9999999999999999,0.992,6.456,0.2215074655176702,V10.2 Course-Fit Monte Carlo,0.85
Adam Schenk,6200,0.124,2.796,34.796,71.74854,-4.807237651556665,4.050120000000001,-0.34944572951817343,0.9999999999999999,1.06,7.290000000000001,0.11078219109167999,V10.2 Course-Fit Monte Carlo,1.0
Michael Thompson,6200,0.08800000000000001,1.7260000000000002,29.322,77.04012,-3.5079037073551764,3.2020399999999993,-1.6275315692931147,0.55,0.658,4.822,0.29556190878814953,V10.2 Course-Fit Monte Carlo,0.48
Patton Kizzire,6100,0.092,1.94,30.432,75.87058,-3.8158019108455092,3.3761999999999994,-1.0223293626737866,0.9999999999999999,0.7040000000000001,5.3740000000000006,0.33537918865213,V10.2 Course-Fit Monte Carlo,0.85
Marcelo Rozo,6000,0.08,1.698,28.199999999999996,78.06522,-3.2697847278057544,3.069,-1.0151873144966141,0.9999999999999999,0.64,4.51,0.3329952956608525,V10.2 Course-Fit Monte Carlo,0.85
Alejandro Tosti,6200,0.07200000000000001,1.83,30.014000000000003,76.46096,-3.661135953318487,3.3060400000000003,-0.7889514781013888,0.9999999999999999,0.7020000000000001,5.118,0.2574816598830688,V10.2 Course-Fit Monte Carlo,0.85
Kihei Akina,6600,0.082,1.82,28.948,77.30026,-3.458771276016152,3.1788800000000004,-1.2328650217172765,0.55,0.6839999999999999,4.926,0.2231088062151816,V10.2 Course-Fit Monte Carlo,0.48
Cameron Davis,6200,0.066,1.434,26.156000000000002,79.94306,-2.7956670305942994,2.8096000000000005,-0.7194006566855015,0.9999999999999999,0.54,4.077999999999999,0.2342667904789577,V10.2 Course-Fit Monte Carlo,0.85
Christo Lamprecht,6000,0.038,1.034,23.326,83.02182,-1.9609606795542471,2.4016,-1.9412835054615198,0.9999999999999999,0.332,3.018,0.45,V10.2 Course-Fit Monte Carlo,0.85
Kyoung-Hoon Lee,6100,0.027999999999999997,0.8619999999999999,21.108,85.13508,-1.3871636390621773,2.1532,-1.6494115094004274,0.55,0.292,2.64,0.2995786402659571,V10.2 Course-Fit Monte Carlo,0.6
Brendon Todd,6100,0.016,0.52,17.36,89.0884,-0.23956211049217324,1.7008800000000002,-2.768340527740709,0.9999999999999999,0.172,1.772,0.45,V10.2 Course-Fit Monte Carlo,0.85
