lineup,player,salary,win_pct,top10_pct,make_cut_pct,dk_points_proxy
1,Jackson Koivun,10800,8.41,40.59,86.48,45.12820009516528
1,Benjamin James,9900,5.8020000000000005,32.404,82.19800000000001,40.52645516644026
1,Ben Kohles,7800,3.5540000000000003,24.602,77.62400000000001,35.8986987980492
1,Zachary Bauchou,7300,1.714,15.246,69.846,30.09554068003944
1,Zac Blair,7000,1.668,14.978,68.684,29.77410783406181
1,Sudarshan Yellamaraju,7200,1.614,14.956,68.324,29.6914777575858
2,Jackson Koivun,10800,8.41,40.59,86.48,45.12820009516528
2,Benjamin James,9900,5.8020000000000005,32.404,82.19800000000001,40.52645516644026
2,Ben Kohles,7800,3.5540000000000003,24.602,77.62400000000001,35.8986987980492
2,Christiaan Bezuidenhout,7600,1.706,16.078,71.99600000000001,30.776365914670407
2,Zecheng Dou,7300,1.5,14.368,68.69800000000001,29.470355567318453
2,Ben Silverman,6600,1.276,12.41,65.486,27.947436179499483
3,Jackson Koivun,10800,8.41,40.59,86.48,45.12820009516528
3,Benjamin James,9900,5.8020000000000005,32.404,82.19800000000001,40.52645516644026
3,Ben Kohles,7800,3.5540000000000003,24.602,77.62400000000001,35.8986987980492
3,Beau Hossler,8300,1.796,17.138,72.98599999999999,31.397768104542628
3,A.J. Ewart,6700,1.222,11.776,63.768,27.33891664945808
3,David Skinns,6500,0.8580000000000001,9.152,59.304,25.112374068153414
4,Jackson Koivun,10800,8.41,40.59,86.48,45.12820009516528
4,Benjamin James,9900,5.8020000000000005,32.404,82.19800000000001,40.52645516644026
4,Ben Kohles,7800,3.5540000000000003,24.602,77.62400000000001,35.8986987980492
4,Mackenzie Hughes,7500,1.3259999999999998,12.88,67.124,28.347093400741144
4,Kris Ventura,7400,1.22,13.106000000000002,67.528,28.48673345556049
4,Andrew Putnam,6600,0.86,9.778,62.522,25.97317061723164
5,Jackson Koivun,10800,8.41,40.59,86.48,45.12820009516528
5,Benjamin James,9900,5.8020000000000005,32.404,82.19800000000001,40.52645516644026
5,Christiaan Bezuidenhout,7600,1.706,16.078,71.99600000000001,30.776365914670407
5,Zac Blair,7000,1.668,14.978,68.684,29.77410783406181
5,Jordan L. Smith,8000,1.472,14.27,69.114,29.378804954620747
5,A.J. Ewart,6700,1.222,11.776,63.768,27.33891664945808
6,Jackson Koivun,10800,8.41,40.59,86.48,45.12820009516528
6,Benjamin James,9900,5.8020000000000005,32.404,82.19800000000001,40.52645516644026
6,Ben Kohles,7800,3.5540000000000003,24.602,77.62400000000001,35.8986987980492
6,Kevin Roy,7600,1.152,12.672,67.85600000000001,28.320220086800745
6,William Mouw,7100,0.8880000000000001,9.764,62.64999999999999,26.00342969281936
6,Joel Dahmen,6800,0.828,9.6,61.996,25.709679204585875
7,Ben Kohles,7800,3.5540000000000003,24.602,77.62400000000001,35.8986987980492
7,Maverick McNealy,9600,2.63,20.318,73.556,33.2442777869325
7,Doug Ghim,9500,2.228,19.896,75.63600000000001,33.03411883280285
7,Zac Blair,7000,1.668,14.978,68.684,29.77410783406181
7,Rasmus Højgaard,8700,1.638,14.618,69.236,29.716349988693445
7,Zecheng Dou,7300,1.5,14.368,68.69800000000001,29.470355567318453
8,Maverick McNealy,9600,2.63,20.318,73.556,33.2442777869325
8,Davis Thompson,9100,2.412,19.588,74.482,32.90836967255881
8,Christiaan Bezuidenhout,7600,1.706,16.078,71.99600000000001,30.776365914670407
8,Kevin Yu,9200,1.518,15.394,70.982,30.109999398321776
8,Zac Blair,7000,1.668,14.978,68.684,29.77410783406181
8,Zecheng Dou,7300,1.5,14.368,68.69800000000001,29.470355567318453
9,Maverick McNealy,9600,2.63,20.318,73.556,33.2442777869325
9,Davis Thompson,9100,2.412,19.588,74.482,32.90836967255881
9,Doug Ghim,9500,2.228,19.896,75.63600000000001,33.03411883280285
9,Christiaan Bezuidenhout,7600,1.706,16.078,71.99600000000001,30.776365914670407
9,Sudarshan Yellamaraju,7200,1.614,14.956,68.324,29.6914777575858
9,Joel Dahmen,6800,0.828,9.6,61.996,25.709679204585875
10,Davis Thompson,9100,2.412,19.588,74.482,32.90836967255881
10,Doug Ghim,9500,2.228,19.896,75.63600000000001,33.03411883280285
10,Christiaan Bezuidenhout,7600,1.706,16.078,71.99600000000001,30.776365914670407
10,Mac Meissner,8600,1.622,15.817999999999998,71.772,30.58745767570614
10,Zachary Bauchou,7300,1.714,15.246,69.846,30.09554068003944
10,Mackenzie Hughes,7500,1.3259999999999998,12.88,67.124,28.347093400741144
