lineup,salary,salary_left,sum_win_pct,sum_top10_pct,avg_make_cut_pct,sum_dk_proxy
1,50000,0,22.761999999999997,142.77599999999998,75.526,211.11448033134178
2,50000,0,22.247999999999998,140.452,75.41366666666666,209.74751172114307
3,50000,0,21.642,135.662,73.72666666666667,205.40241288180886
4,50000,0,21.171999999999997,133.35999999999999,73.91266666666668,204.36035153318798
5,50000,0,20.28,130.096,73.70666666666666,202.9228506144166
6,50000,0,20.634,129.632,73.134,201.58668304386075
7,49900,100,13.218,108.77999999999999,72.23899999999999,191.13790880785828
8,49800,200,11.434,100.724,71.39966666666668,186.28347617386373
9,49800,200,11.418,100.436,70.99833333333335,185.36428916913624
10,49600,400,11.008000000000001,99.50599999999999,71.80933333333333,185.7489461765188
