player,salary,win_pct,top10_pct,make_cut_pct,expected_finish,expected_4r_to_par_if_made_cut,dk_points_proxy,course_fit_ceiling,course_fit_coverage,top5_pct,top20_pct,course_fit_round_shift,simulation_version,calibration_method
Jackson Koivun,10800,8.41,40.59,86.48,31.2543,-12.578843257472844,45.12820009516528,1.2566898607112726,0.9999999999999999,22.594,50.86000000000001,-0.42531827779443215,V10.2c Calibrated Course-Fit Monte Carlo,baseline marginal quantile mapping
Benjamin James,9900,5.8020000000000005,32.404,82.19800000000001,37.0335,-11.444681271840546,40.52645516644026,0.8617793354876174,0.9999999999999999,16.04,42.402,-0.29350392847774825,V10.2c Calibrated Course-Fit Monte Carlo,baseline marginal quantile mapping
Ben Kohles,7800,2.63,20.318,75.63600000000001,40.8422,-10.695181287637656,33.2442777869325,0.5968253599631506,0.9999999999999999,11.533999999999999,34.494,-0.20506684298136463,V10.2c Calibrated Course-Fit Monte Carlo,baseline marginal quantile mapping
Doug Ghim,9500,2.104,17.482,72.98599999999999,43.47092,-10.282167320246648,31.530205251916456,0.45805436223243745,0.9999999999999999,8.946,29.956,-0.15874746782786273,V10.2c Calibrated Course-Fit Monte Carlo,baseline marginal quantile mapping
Davis Thompson,9100,3.5540000000000003,24.602,77.62400000000001,39.93426,-10.784671721332952,35.8986987980492,1.5843433287596684,0.9999999999999999,13.074,35.976,-0.45,V10.2c Calibrated Course-Fit Monte Carlo,baseline marginal quantile mapping
Maverick McNealy,9600,1.518,14.978,71.07,44.60992,-9.936009400017928,30.109999398321776,-0.11197692264717467,0.9999999999999999,7.162,26.264,0.03151918273559129,V10.2c Calibrated Course-Fit Monte Carlo,baseline marginal quantile mapping
Beau Hossler,8300,1.276,14.27,69.114,46.7481,-9.836159085769747,29.716349988693445,0.11090162566985562,0.9999999999999999,6.710000000000001,25.44,-0.042873847955140584,V10.2c Calibrated Course-Fit Monte Carlo,baseline marginal quantile mapping
Christiaan Bezuidenhout,7600,1.706,16.078,71.772,44.4672,-10.11543905212291,30.776365914670407,0.5170183420225903,0.9999999999999999,7.82,27.154,-0.17842863136423417,V10.2c Calibrated Course-Fit Monte Carlo,baseline marginal quantile mapping
Mac Meissner,8600,1.622,15.246,70.982,46.30194,-9.855485379119004,30.09554068003944,0.3665876530595145,0.9999999999999999,7.39,26.288,-0.12821745157433545,V10.2c Calibrated Course-Fit Monte Carlo,baseline marginal quantile mapping
Michael Brennan,10200,2.228,19.588,74.482,41.45894,-10.67449530570855,33.03411883280285,0.9221559462219817,0.9999999999999999,10.032,31.702,-0.3136566039563005,V10.2c Calibrated Course-Fit Monte Carlo,baseline marginal quantile mapping
Matt Wallace,9700,2.412,19.896,73.556,42.64126,-10.31811147814384,32.90836967255881,1.0261601434052485,0.9999999999999999,9.988,31.468,-0.34837141833141055,V10.2c Calibrated Course-Fit Monte Carlo,baseline marginal quantile mapping
Jackson Suber,9300,2.012,17.138,71.99600000000001,43.6755,-10.178024198651938,31.397768104542628,0.7312984460627728,0.9999999999999999,8.486,28.29,-0.2499516490644372,V10.2c Calibrated Course-Fit Monte Carlo,baseline marginal quantile mapping
Kevin Yu,9200,1.614,15.394,69.846,45.66928,-9.918581544691715,30.2568637195494,0.511175409917462,0.9999999999999999,7.457999999999999,26.444000000000003,-0.17647836100083258,V10.2c Calibrated Course-Fit Monte Carlo,baseline marginal quantile mapping
Zachary Bauchou,7300,1.44,12.88,68.69800000000001,46.98908,-9.731947706645792,28.837439292783028,0.28962472932553585,0.9999999999999999,6.552,24.94,-0.10252854974585543,V10.2c Calibrated Course-Fit Monte Carlo,baseline marginal quantile mapping
Sudarshan Yellamaraju,7200,1.58,15.32,69.236,46.6456,-9.839780798902636,29.77410783406181,0.5141920022461235,0.9999999999999999,7.475999999999999,26.314,-0.17748524769936008,V10.2c Calibrated Course-Fit Monte Carlo,baseline marginal quantile mapping
Kevin Roy,7600,1.26,12.584,65.486,48.5187,-9.399655897614409,28.00029039554766,0.4689673147376075,0.9999999999999999,6.682,24.3,-0.16239002390503537,V10.2c Calibrated Course-Fit Monte Carlo,baseline marginal quantile mapping
Jordan L. Smith,8000,1.714,15.817999999999998,70.958,44.81578,-9.97839259979518,30.58745767570614,0.6235424168317983,0.9999999999999999,7.788,26.669999999999998,-0.21398453760295807,V10.2c Calibrated Course-Fit Monte Carlo,baseline marginal quantile mapping
Johnny Keefer,8400,1.3259999999999998,12.672,67.85600000000001,48.19574,-9.443715182155064,28.347093400741144,0.4298823254429189,0.9999999999999999,6.558,24.524,-0.14934412590317495,V10.2c Calibrated Course-Fit Monte Carlo,baseline marginal quantile mapping
Zac Blair,7000,1.472,14.368,68.324,46.76844,-9.778634348781114,29.378804954620747,0.6387250316875592,0.55,6.812,25.11,-0.12047872849430648,V10.2c Calibrated Course-Fit Monte Carlo,baseline marginal quantile mapping
Zecheng Dou,7300,1.222,12.192,67.124,49.9858,-9.248062823712743,27.947436179499483,0.21940611661910614,0.9999999999999999,6.262,24.006,-0.07909078308066898,V10.2c Calibrated Course-Fit Monte Carlo,baseline marginal quantile mapping
Mackenzie Hughes,7500,0.8880000000000001,9.926,63.266,52.29192,-8.827116149454767,26.16331414625343,-0.15965103324915744,0.9999999999999999,4.886,20.434,0.04743198188089894,V10.2c Calibrated Course-Fit Monte Carlo,baseline marginal quantile mapping
Lee Hodges,7300,1.156,11.776,65.398,50.135,-9.221252578825988,27.54801821216804,0.3724132689773429,0.9999999999999999,6.098,23.442,-0.13016194209188386,V10.2c Calibrated Course-Fit Monte Carlo,baseline marginal quantile mapping
Rasmus Højgaard,8700,1.22,12.41,67.528,48.39304,-9.441845494000336,28.0514829747517,0.18441838644282274,0.9999999999999999,6.506,24.282,-0.0674124797874291,V10.2c Calibrated Course-Fit Monte Carlo,baseline marginal quantile mapping
Ben Silverman,6600,1.152,11.776,64.50200000000001,50.96354,-9.19192574975367,27.473555673417177,0.49514794910561194,0.55,5.804,22.38,-0.09412076845099074,V10.2c Calibrated Course-Fit Monte Carlo,baseline marginal quantile mapping
Chris Kirk,8100,1.668,14.956,67.956,47.7349,-9.575490587628648,29.6914777575858,0.8440742928840442,0.9999999999999999,7.12,25.282,-0.2875942894042076,V10.2c Calibrated Course-Fit Monte Carlo,baseline marginal quantile mapping
Harry Hall,8900,1.082,11.68,65.286,51.37556,-9.182948991308818,27.3787277808794,0.19690740893444017,0.9999999999999999,5.542,22.026,-0.07158110095142985,V10.2c Calibrated Course-Fit Monte Carlo,baseline marginal quantile mapping
Eric Cole,8500,0.8540000000000001,9.6,62.258,53.36138,-8.707999638448124,25.709679204585875,-0.20654497230098864,0.9999999999999999,4.426,19.064,0.0630843731650072,V10.2c Calibrated Course-Fit Monte Carlo,baseline marginal quantile mapping
Rico Hoey,8200,1.058,10.664,64.424,51.4251,-8.977579226265698,26.676554297784534,0.4568437447861058,0.9999999999999999,5.314,21.512,-0.15834338452096872,V10.2c Calibrated Course-Fit Monte Carlo,baseline marginal quantile mapping
Rasmus Neergaard-Petersen,7500,0.948,9.936,63.39,52.23468,-8.829369892412464,26.19109376330742,0.04416799879524558,0.9999999999999999,5.018000000000001,20.466,-0.020599309693499483,V10.2c Calibrated Course-Fit Monte Carlo,baseline marginal quantile mapping
Nick Taylor,7800,0.814,9.322,61.38,54.01052,-8.596355613816307,25.16428747695133,-0.18984613793365684,0.9999999999999999,4.152,18.323999999999998,0.05751058911549293,V10.2c Calibrated Course-Fit Monte Carlo,baseline marginal quantile mapping
Chandler Phillips,7200,0.904,9.814,62.96000000000001,52.44806,-8.806960156912194,26.08161552880049,0.15520996628987282,0.9999999999999999,4.978,20.116,-0.05766321089962488,V10.2c Calibrated Course-Fit Monte Carlo,baseline marginal quantile mapping
Kris Ventura,7400,1.796,16.798,71.896,43.96862,-10.06571712532097,31.023613237034265,0.9186727607244821,0.9999999999999999,8.176,27.686,-0.312493976473424,V10.2c Calibrated Course-Fit Monte Carlo,baseline marginal quantile mapping
A.J. Ewart,6700,1.044,10.534,64.076,51.5854,-8.958532390546516,26.620291259202336,0.28697751174319885,0.55,5.114,20.912,-0.055904724695774115,V10.2c Calibrated Course-Fit Monte Carlo,baseline marginal quantile mapping
Seamus Power,7300,0.718,9.152,62.076,53.8874,-8.57452267038632,25.36286235039588,-0.10568048818121774,0.9999999999999999,4.222,18.332,0.029417541074672756,V10.2c Calibrated Course-Fit Monte Carlo,baseline marginal quantile mapping
Austin Eckroat,7400,0.958,10.166,64.02799999999999,51.93498,-8.898070438050569,26.34614454042827,0.26954263245191196,0.9999999999999999,5.0840000000000005,20.454,-0.09582549079139437,V10.2c Calibrated Course-Fit Monte Carlo,baseline marginal quantile mapping
Andrew Putnam,6600,0.8580000000000001,9.778,62.578,53.1001,-8.740743463109693,25.97317061723164,0.17900548935453806,0.9999999999999999,4.707999999999999,19.811999999999998,-0.06560574772525797,V10.2c Calibrated Course-Fit Monte Carlo,baseline marginal quantile mapping
Max Homa,8800,1.082,11.57,64.22200000000001,51.52312,-8.974160938782923,27.33891664945808,0.3214965225933624,0.9999999999999999,5.41,21.398,-0.11316680682643114,V10.2c Calibrated Course-Fit Monte Carlo,baseline marginal quantile mapping
Joel Dahmen,6800,1.3259999999999998,13.106000000000002,65.51599999999999,50.05534,-9.35834371795431,28.320220086800745,1.010765466736243,0.9999999999999999,6.832000000000001,24.582,-0.34323293971801716,V10.2c Calibrated Course-Fit Monte Carlo,baseline marginal quantile mapping
William Mouw,7100,1.638,14.618,68.684,47.96022,-9.492569752527494,29.470355567318453,1.0647571403568896,0.9999999999999999,7.180000000000001,25.342,-0.36125443287217834,V10.2c Calibrated Course-Fit Monte Carlo,baseline marginal quantile mapping
Billy Horschel,7600,1.5,14.27,67.304,49.9491,-9.361768361612572,28.48673345556049,0.9435414860986195,0.9999999999999999,6.92,24.584,-0.32079472979386464,V10.2c Calibrated Course-Fit Monte Carlo,baseline marginal quantile mapping
David Ford,7100,0.812,9.24,61.996,54.12012,-8.558806394615189,25.341511954742685,0.03647183691920177,0.9999999999999999,4.196,18.304000000000002,-0.01803046306842651,V10.2c Calibrated Course-Fit Monte Carlo,baseline marginal quantile mapping
John Parry,7500,0.828,9.34,61.568,53.75274,-8.59652361579213,25.39324711809929,0.11124771236505139,0.9999999999999999,4.342,18.816,-0.04298936574871814,V10.2c Calibrated Course-Fit Monte Carlo,baseline marginal quantile mapping
Max McGreevy,7100,0.8460000000000001,9.338,61.858,53.44162,-8.61794869004513,25.62322538354664,0.17735945364169292,0.9999999999999999,4.454000000000001,18.658,-0.06505632928087028,V10.2c Calibrated Course-Fit Monte Carlo,baseline marginal quantile mapping
Stephan Jaeger,7700,0.948,9.804,63.13,52.90964,-8.799122587645163,26.043472345206823,0.19924581209104128,0.9999999999999999,4.826,19.996,-0.07236161975465215,V10.2c Calibrated Course-Fit Monte Carlo,baseline marginal quantile mapping
Denny McCarthy,7200,0.8580000000000001,9.63,62.260000000000005,53.4266,-8.674684265248471,25.780851197645667,0.20029082317445382,0.9999999999999999,4.584,19.017999999999997,-0.07271042650248631,V10.2c Calibrated Course-Fit Monte Carlo,baseline marginal quantile mapping
Max Greyserman,7900,0.6839999999999999,8.491999999999999,60.514,55.70556,-8.499338141893336,24.799449149367607,-0.12585354837725873,0.9999999999999999,3.8920000000000003,17.632,0.036150962023535724,V10.2c Calibrated Course-Fit Monte Carlo,baseline marginal quantile mapping
Patrick Fishburn,7000,0.86,9.77,62.64999999999999,52.93936,-8.792950280559836,26.00342969281936,0.1193483246542404,0.9999999999999999,4.612,19.811999999999998,-0.04569321097381426,V10.2c Calibrated Course-Fit Monte Carlo,baseline marginal quantile mapping
Emiliano Grillo,7400,0.988,10.316,63.768,51.81736,-8.915865700194667,26.365674963711257,0.5437990335506272,0.9999999999999999,5.118,20.886,-0.18736756614197847,V10.2c Calibrated Course-Fit Monte Carlo,baseline marginal quantile mapping
Hao-Tong Li,7500,0.89,9.764,62.522,53.22434,-8.713732362566212,25.815835618841326,0.28372300342316353,0.9999999999999999,4.632,19.366,-0.10055865502292788,V10.2c Calibrated Course-Fit Monte Carlo,baseline marginal quantile mapping
Marco Penge,9400,0.844,9.156,61.474,54.64412,-8.56531248952333,25.205629874849908,0.17237170477630417,0.9999999999999999,4.322,18.218,-0.06339150439205807,V10.2c Calibrated Course-Fit Monte Carlo,baseline marginal quantile mapping
Pierceson Coody,7700,0.542,7.431999999999999,58.24399999999999,57.52658,-8.219011970941063,24.024746336070336,-0.1320869401729857,0.9999999999999999,3.5340000000000003,16.798,0.0382315611241152,V10.2c Calibrated Course-Fit Monte Carlo,baseline marginal quantile mapping
Hayden Springer,7100,0.668,8.304,59.344,56.2304,-8.423441878356936,24.75089213238526,-0.00895548270179049,0.9999999999999999,3.9079999999999995,17.46,-0.0028676041558896347,V10.2c Calibrated Course-Fit Monte Carlo,baseline marginal quantile mapping
David Skinns,6500,0.748,8.704,59.5,55.6302,-8.529111678878106,24.991013849489264,0.05313828484435955,0.55,4.09,18.168,-0.012976390393942952,V10.2c Calibrated Course-Fit Monte Carlo,baseline marginal quantile mapping
Adrien Dumont De Chassart,6800,0.592,7.808,58.35399999999999,57.09518,-8.257191469469616,24.18458123283316,-0.2092526046930786,0.55,3.7359999999999998,16.974,0.035193473889310475,V10.2c Calibrated Course-Fit Monte Carlo,baseline marginal quantile mapping
Neal Shipley,7900,0.7979999999999999,9.104,59.372,55.72916,-8.495640522439821,24.912352244083507,0.26972298617337315,0.9999999999999999,4.228,18.02,-0.09588568976539685,V10.2c Calibrated Course-Fit Monte Carlo,baseline marginal quantile mapping
Steven Fisk,7200,0.582,7.55,57.306,58.01218,-8.143445563316382,23.929904474964005,-0.10995999682256204,0.9999999999999999,3.5540000000000003,16.46,0.030845967543261937,V10.2c Calibrated Course-Fit Monte Carlo,baseline marginal quantile mapping
Davis Chatfield,6800,0.7979999999999999,8.902000000000001,60.916,55.08092,-8.543505565492502,25.112374068153414,0.18619127350382148,0.55,4.048,18.43,-0.03740233146798728,V10.2c Calibrated Course-Fit Monte Carlo,baseline marginal quantile mapping
Kevin Streelman,6500,0.66,8.67,58.992,56.32486,-8.423441878356936,24.75089213238526,0.046641315824888896,0.55,3.8379999999999996,17.636,-0.011783673236452808,V10.2c Calibrated Course-Fit Monte Carlo,baseline marginal quantile mapping
Paul Peterson,6400,0.5519999999999999,7.352,56.682,58.58968,-8.051115437607521,23.58306343180517,-0.12758309341327725,0.55,3.5520000000000005,16.02,0.020200539944984802,V10.2c Calibrated Course-Fit Monte Carlo,baseline marginal quantile mapping
Taylor Moore,6900,0.338,5.382,54.004,61.4155,-7.515522503109233,21.65798950684032,-0.449704293789795,0.9999999999999999,2.874,13.855999999999998,0.14424677754554618,V10.2c Calibrated Course-Fit Monte Carlo,baseline marginal quantile mapping
Taylor Pendrith,7400,0.792,8.948,58.992,55.71354,-8.506954316571067,24.90482391216534,0.28599829559954976,0.9999999999999999,4.148000000000001,17.924,-0.10131810846511162,V10.2c Calibrated Course-Fit Monte Carlo,baseline marginal quantile mapping
C.T. Pan,6100,0.374,7.072000000000001,57.07,58.34558,-8.07359246900235,23.419333962736545,-0.19432269301087393,0.55,3.472,16.12,0.03245263246466892,V10.2c Calibrated Course-Fit Monte Carlo,baseline marginal quantile mapping
Austin Smotherman,7000,1.086,10.636,63.636,52.23094,-8.83545188466065,26.643074065322438,0.8490426838633516,0.9999999999999999,5.45,20.998,-0.2892526529631869,V10.2c Calibrated Course-Fit Monte Carlo,baseline marginal quantile mapping
Chad Ramey,6900,0.476,6.832000000000001,55.778000000000006,60.21624,-7.701964076690904,23.136318961418123,-0.2633161685660463,0.9999999999999999,3.184,14.899999999999999,0.08203362322961419,V10.2c Calibrated Course-Fit Monte Carlo,baseline marginal quantile mapping
Matthew McCarty,9000,0.592,7.670000000000001,57.86599999999999,57.62788,-8.186792943165457,24.1758833531694,0.014542804203667175,0.9999999999999999,3.7199999999999998,16.728,-0.01071092865767508,V10.2c Calibrated Course-Fit Monte Carlo,baseline marginal quantile mapping
Takumi Kanaya,6700,0.3419999999999999,5.442,54.13400000000001,60.7562,-7.584736544880371,21.7142283529179,-0.39831168925496485,0.9999999999999999,2.868,13.947999999999999,0.12709280900390826,V10.2c Calibrated Course-Fit Monte Carlo,baseline marginal quantile mapping
Patrick Rodgers,7000,0.24,3.928,48.464,65.59086,-6.883308270919461,19.63347819602281,-0.7909756793441942,0.9999999999999999,1.9560000000000002,10.738,0.25815730348500954,V10.2c Calibrated Course-Fit Monte Carlo,baseline marginal quantile mapping
Bowen Mauss,6000,0.592,8.358,58.35399999999999,57.07018,-8.393266316080915,24.280228630202167,0.03729110836140011,0.2,3.766,17.492,-0.003660784360382078,V10.2c Calibrated Course-Fit Monte Carlo,baseline marginal quantile mapping
Boston Bracken,6200,0.668,8.304,59.304,56.2304,-8.41885144514992,24.73071317932983,0.03729110836140011,0.2,3.8219999999999996,17.352,-0.003660784360382078,V10.2c Calibrated Course-Fit Monte Carlo,baseline marginal quantile mapping
Zach J. Johnson,6000,0.584,8.491999999999999,58.382,56.86544,-8.29684937736462,24.574905895378013,0.03729110836140011,0.2,3.734,17.534,-0.003660784360382078,V10.2c Calibrated Course-Fit Monte Carlo,baseline marginal quantile mapping
Trace Crowe,6900,0.8160000000000001,8.927999999999999,58.782,56.89774,-8.266274251440636,24.825619496456348,0.4308545070304028,0.9999999999999999,4.186,17.804000000000002,-0.14966862341637563,V10.2c Calibrated Course-Fit Monte Carlo,baseline marginal quantile mapping
David Lipsky,6400,0.316,4.964,52.318,62.44266,-7.285746898033851,21.068696598506136,-0.39763950676421617,0.9999999999999999,2.56,13.122,0.1268684460356386,V10.2c Calibrated Course-Fit Monte Carlo,baseline marginal quantile mapping
Jesper Svensson,7000,0.3399999999999999,4.99,52.59,62.14582,-7.339666546360807,21.125746401993776,-0.09213563869174303,0.9999999999999999,2.694,13.478000000000002,0.02489650299639826,V10.2c Calibrated Course-Fit Monte Carlo,baseline marginal quantile mapping
Tony Finau,7200,0.286,4.62,50.282,64.25112,-7.029122452755814,20.219078769773223,-0.37604958139002587,0.9999999999999999,2.308,11.908000000000001,0.11966209983004455,V10.2c Calibrated Course-Fit Monte Carlo,baseline marginal quantile mapping
Erik Van Rooyen,6500,0.282,4.93,52.288,62.63722,-7.270112235731847,20.98656317567448,-0.34067366998024295,0.9999999999999999,2.492,13.062000000000001,0.10785422830946581,V10.2c Calibrated Course-Fit Monte Carlo,baseline marginal quantile mapping
Tom Hoge,6800,0.8460000000000001,9.396,59.832,55.6311,-8.52627902249512,25.141885693531837,0.7334457240090739,0.9999999999999999,4.390000000000001,18.166,-0.2506683735557215,V10.2c Calibrated Course-Fit Monte Carlo,baseline marginal quantile mapping
Hank Lebioda,6300,0.504,6.837999999999999,55.964000000000006,58.74676,-7.955290437008237,23.400615192164857,0.20112184222618693,0.9999999999999999,3.186,15.072,-0.07298780638622562,V10.2c Calibrated Course-Fit Monte Carlo,baseline marginal quantile mapping
Aldrich Potgieter,7100,0.206,4.0,49.634,65.00654,-6.896988908347902,19.93073940921873,-0.44313172758002145,0.9999999999999999,1.95,10.814,0.14205296785209356,V10.2c Calibrated Course-Fit Monte Carlo,baseline marginal quantile mapping
Aaron Wise,6400,0.336,5.026,53.242,62.27308,-7.314662090230061,21.28422932913725,0.01155676358411853,0.9999999999999999,2.8080000000000003,13.926,-0.00971423959481438,V10.2c Calibrated Course-Fit Monte Carlo,baseline marginal quantile mapping
Isaiah Salinda,6700,0.496,5.768,54.658,60.51178,-7.59661550863318,22.307160968719987,0.1918910683484723,0.9999999999999999,3.0540000000000003,14.198,-0.06990673263745356,V10.2c Calibrated Course-Fit Monte Carlo,baseline marginal quantile mapping
Matthieu Pavon,6700,0.202,3.948,49.328,65.572,-6.840528810713876,19.783255598365383,-0.7282785358824362,0.9999999999999999,1.8960000000000001,10.688,0.2372300740455158,V10.2c Calibrated Course-Fit Monte Carlo,baseline marginal quantile mapping
John VanDerLaan,6800,0.304,4.666,51.886,63.61624,-7.095884300821705,20.887981561283343,-0.2799586737981575,0.9999999999999999,2.314,12.086,0.08758860558144652,V10.2c Calibrated Course-Fit Monte Carlo,baseline marginal quantile mapping
Pontus Nyholm,6500,0.2279999999999999,4.216,49.904,64.47688,-6.972557149784691,20.051742248802764,-0.4340437363042839,0.9999999999999999,2.138,11.402,0.13901955248305875,V10.2c Calibrated Course-Fit Monte Carlo,baseline marginal quantile mapping
Justin Lower,6700,0.318,4.46,50.934000000000005,64.2269,-7.038963077169648,20.35086546180775,-0.12235269637647793,0.9999999999999999,2.294,12.094000000000001,0.03498243776534943,V10.2c Calibrated Course-Fit Monte Carlo,baseline marginal quantile mapping
Luke Clanton,6600,0.446,5.704,54.548,61.47216,-7.38328605869875,21.93686039873682,0.3666335646645539,0.9999999999999999,2.942,14.282,-0.12823277607940128,V10.2c Calibrated Course-Fit Monte Carlo,baseline marginal quantile mapping
Gordon Sargent,6900,0.168,3.746,47.97,67.32192,-6.520297832712608,19.24121511835885,-0.7676182959915594,0.9999999999999999,1.806,9.8,0.25036101016863305,V10.2c Calibrated Course-Fit Monte Carlo,baseline marginal quantile mapping
Dylan Wu,6400,0.286,4.306,50.104000000000006,64.31816,-7.006208290281078,20.171069396062794,-0.19451040879004322,0.9999999999999999,2.2640000000000002,11.600000000000001,0.05906744260179376,V10.2c Calibrated Course-Fit Monte Carlo,baseline marginal quantile mapping
Brice Garnett,6300,0.272,4.18,50.024,64.66118,-6.958136095099422,20.014705729526323,-0.28036317397689675,0.9999999999999999,2.044,11.256,0.08772362079237006,V10.2c Calibrated Course-Fit Monte Carlo,baseline marginal quantile mapping
Lucas Glover,6900,0.658,7.75,56.098000000000006,58.71642,-8.023097814620389,23.78998023929604,0.7989998070219863,0.9999999999999999,3.8539999999999996,16.42,-0.2725492003392192,V10.2c Calibrated Course-Fit Monte Carlo,baseline marginal quantile mapping
Mark Hubbard,6600,0.334,4.876,52.012,62.63994,-7.258745400852216,20.926686918610063,-0.10140796310471382,0.55,2.42,12.306000000000001,0.015395295080032756,V10.2c Calibrated Course-Fit Monte Carlo,baseline marginal quantile mapping
Ben Martin,6400,0.416,6.01,53.394,60.79188,-7.497958342235408,21.956234118992995,0.48872574923377404,0.9999999999999999,3.008,14.368,-0.16898504991796198,V10.2c Calibrated Course-Fit Monte Carlo,baseline marginal quantile mapping
Jimmy Stanger,6300,0.168,3.88,48.43,66.1185,-6.738715962890387,19.550003383570527,-0.5412189025811799,0.9999999999999999,1.7319999999999998,10.202,0.17479278186886857,V10.2c Calibrated Course-Fit Monte Carlo,baseline marginal quantile mapping
Chandler Blanchet,6600,0.246,4.892,51.876,62.79038,-7.254482527856065,20.91051988187488,0.10131566037432059,0.9999999999999999,2.2960000000000003,12.454,-0.03967421741278507,V10.2c Calibrated Course-Fit Monte Carlo,baseline marginal quantile mapping
Adam Svensson,6500,0.136,2.606,42.394,71.00744,-6.027517204555256,17.15602479003197,-0.805322433864147,0.9999999999999999,1.188,7.64,0.262946003686866,V10.2c Calibrated Course-Fit Monte Carlo,baseline marginal quantile mapping
Peter Malnati,6300,0.118,2.5,42.602,70.7416,-6.080320359105442,17.337269397606196,-0.8774058424101217,0.9999999999999999,1.214,7.603999999999999,0.2870062071687437,V10.2c Calibrated Course-Fit Monte Carlo,baseline marginal quantile mapping
Vince Whaley,6500,0.118,2.452,42.072,72.1294,-6.003523151608726,16.945190933539198,-0.9881819493112255,0.9999999999999999,1.1820000000000002,7.456,0.3239813686758591,V10.2c Calibrated Course-Fit Monte Carlo,baseline marginal quantile mapping
Jeffrey Kang,6100,0.144,2.662,42.94,70.67888,-6.131122453457361,17.411276571880393,-0.41054604470148653,0.9999999999999999,1.4000000000000001,8.744,0.13117642668307483,V10.2c Calibrated Course-Fit Monte Carlo,baseline marginal quantile mapping
Davis Riley,6300,0.148,2.848,43.658,69.81458,-6.19615765732777,17.55575739009158,-0.38617280444770863,0.9999999999999999,1.538,8.998000000000001,0.12304105778407826,V10.2c Calibrated Course-Fit Monte Carlo,baseline marginal quantile mapping
Joe Highsmith,6400,0.268,4.234,50.076,64.39234,-6.995410113092165,20.05537823861837,0.12882298068477038,0.9999999999999999,2.162,11.684,-0.04885568839564646,V10.2c Calibrated Course-Fit Monte Carlo,baseline marginal quantile mapping
Garrick Higgo,6700,0.186,2.918,44.372,69.72974,-6.20410790458708,17.719359912221407,-0.5758799713903695,0.55,1.566,9.193999999999999,0.10249912816514346,V10.2c Calibrated Course-Fit Monte Carlo,baseline marginal quantile mapping
Rafael Campos,6100,0.168,2.992,46.292,69.18118,-6.240945414646093,18.51729523196774,-0.05810629089980654,0.9999999999999999,1.706,9.362,0.01353809127940269,V10.2c Calibrated Course-Fit Monte Carlo,baseline marginal quantile mapping
Danny Walker,6200,0.132,1.862,39.35,73.46732,-5.639894018958502,15.842443467545062,-0.6837650486448736,0.9999999999999999,1.036,6.792,0.2223722366842229,V10.2c Calibrated Course-Fit Monte Carlo,baseline marginal quantile mapping
David Lingmerth,6000,0.1379999999999999,2.682,43.324,70.17832,-6.161907532672906,17.498626846121095,-0.6716121268853864,0.55,1.344,8.622,0.12007369009398026,V10.2c Calibrated Course-Fit Monte Carlo,baseline marginal quantile mapping
Kensei Hirata,6000,0.0699999999999999,1.552,37.502,75.5652,-5.250328797217478,15.072952364447469,-1.06720211918397,0.9999999999999999,0.938,6.098,0.3503569439248869,V10.2c Calibrated Course-Fit Monte Carlo,baseline marginal quantile mapping
Nick Dunlap,6300,0.066,1.818,38.938,74.76866,-5.37986925656703,15.831886841708709,-0.6811742287731984,0.9999999999999999,0.992,6.456,0.2215074655176702,V10.2c Calibrated Course-Fit Monte Carlo,baseline marginal quantile mapping
Adam Schenk,6200,0.072,2.402,40.92,73.06448,-5.6571470307023,16.942177850021565,-0.34944572951817343,0.9999999999999999,1.06,7.290000000000001,0.11078219109167999,V10.2c Calibrated Course-Fit Monte Carlo,baseline marginal quantile mapping
Michael Thompson,6200,0.052,0.998,32.23,79.59678,-4.669709435071536,13.031758976939354,-1.6275315692931147,0.55,0.658,4.822,0.29556190878814953,V10.2c Calibrated Course-Fit Monte Carlo,baseline marginal quantile mapping
Patton Kizzire,6100,0.0559999999999999,1.522,36.148,76.5822,-5.151921001802098,14.641763353878453,-1.0223293626737866,0.9999999999999999,0.7040000000000001,5.3740000000000006,0.33537918865213,V10.2c Calibrated Course-Fit Monte Carlo,baseline marginal quantile mapping
Marcelo Rozo,6000,0.036,0.964,30.96,82.479,-4.336844968173709,12.92880075715738,-1.0151873144966141,0.9999999999999999,0.64,4.51,0.3329952956608525,V10.2c Calibrated Course-Fit Monte Carlo,baseline marginal quantile mapping
Alejandro Tosti,6200,0.024,1.32,35.084,79.1646,-4.7183268076997065,14.370826203964617,-0.7889514781013888,0.9999999999999999,0.7020000000000001,5.118,0.2574816598830688,V10.2c Calibrated Course-Fit Monte Carlo,baseline marginal quantile mapping
Kihei Akina,6600,0.048,1.136,31.416,80.29282,-4.663229334054996,12.984424534920992,-1.2328650217172765,0.55,0.6839999999999999,4.926,0.2231088062151816,V10.2c Calibrated Course-Fit Monte Carlo,baseline marginal quantile mapping
Cameron Davis,6200,0.024,0.944,28.464,84.5226,-3.750697528093721,11.961138929982162,-0.7194006566855015,0.9999999999999999,0.54,4.077999999999999,0.2342667904789577,V10.2c Calibrated Course-Fit Monte Carlo,baseline marginal quantile mapping
Christo Lamprecht,6000,0.0139999999999999,0.466,25.386,85.05566,-3.732622461811927,10.30928941598624,-1.9412835054615198,0.9999999999999999,0.332,3.018,0.45,V10.2c Calibrated Course-Fit Monte Carlo,baseline marginal quantile mapping
Kyoung-Hoon Lee,6100,0.01,0.446,24.496,90.80356,-2.611732049383346,10.279454561806183,-1.6494115094004274,0.55,0.292,2.64,0.2995786402659571,V10.2c Calibrated Course-Fit Monte Carlo,baseline marginal quantile mapping
Brendon Todd,6100,0.004,0.192,18.366,93.318,-1.9976225691648075,7.243170508643361,-2.768340527740709,0.9999999999999999,0.172,1.772,0.45,V10.2c Calibrated Course-Fit Monte Carlo,baseline marginal quantile mapping
