player,lineups,exposure_pct
Jackson Koivun,6,60.0
Benjamin James,5,50.0
Ben Kohles,5,50.0
Ben Silverman,3,30.0
Christiaan Bezuidenhout,3,30.0
Doug Ghim,3,30.0
Davis Thompson,3,30.0
Zachary Bauchou,3,30.0
Sudarshan Yellamaraju,3,30.0
Beau Hossler,2,20.0
Maverick McNealy,2,20.0
Kevin Roy,2,20.0
Zac Blair,2,20.0
Zecheng Dou,2,20.0
Jordan L. Smith,1,10.0
Joel Dahmen,1,10.0
Jackson Suber,1,10.0
David Skinns,1,10.0
Andrew Putnam,1,10.0
A.J. Ewart,1,10.0
Lee Hodges,1,10.0
Kevin Streelman,1,10.0
Michael Brennan,1,10.0
Matt Wallace,1,10.0
Mackenzie Hughes,1,10.0
Mac Meissner,1,10.0
Rasmus Neergaard-Petersen,1,10.0
Rasmus Højgaard,1,10.0
Patrick Fishburn,1,10.0
William Mouw,1,10.0
