player,lineups,salary,win_pct,top10_pct,exposure_pct
Jackson Koivun,6,10800,8.41,40.59,60
Benjamin James,6,9900,5.8020000000000005,32.404,60
Ben Kohles,6,7800,3.5540000000000003,24.602,60
Christiaan Bezuidenhout,5,7600,1.706,16.078,50
Zac Blair,4,7000,1.668,14.978,40
Maverick McNealy,3,9600,2.63,20.318,30
Davis Thompson,3,9100,2.412,19.588,30
Doug Ghim,3,9500,2.228,19.896,30
Zecheng Dou,3,7300,1.5,14.368,30
Zachary Bauchou,2,7300,1.714,15.246,20
Sudarshan Yellamaraju,2,7200,1.614,14.956,20
Mackenzie Hughes,2,7500,1.3259999999999998,12.88,20
A.J. Ewart,2,6700,1.222,11.776,20
Joel Dahmen,2,6800,0.828,9.6,20
Beau Hossler,1,8300,1.796,17.138,10
Rasmus Højgaard,1,8700,1.638,14.618,10
Mac Meissner,1,8600,1.622,15.817999999999998,10
Kevin Yu,1,9200,1.518,15.394,10
Jordan L. Smith,1,8000,1.472,14.27,10
Ben Silverman,1,6600,1.276,12.41,10
Kris Ventura,1,7400,1.22,13.106000000000002,10
Kevin Roy,1,7600,1.152,12.672,10
William Mouw,1,7100,0.8880000000000001,9.764,10
Andrew Putnam,1,6600,0.86,9.778,10
David Skinns,1,6500,0.8580000000000001,9.152,10
