player,salary,dk_id,sg_total,recent5_sg_total,model_data_confidence,win_pct,top5_pct,top10_pct,top20_pct,make_cut_pct,expected_finish,expected_4r_to_par_if_made_cut,dk_points_proxy,dk_value_per_1000,model_score_v7,salary_value_index_v7
Jackson Koivun,10800,44320059,1.61,1.694,0.8125,8.822000000000001,27.592,41.58,59.662000000000006,87.232,25.02436,-13.784378889124167,43.043881821065554,3.985544613061625,2.314058553401435,0.8480453864399964
Benjamin James,9900,44320061,1.38,0.828,0.7375,5.71,20.082,32.586,49.634,82.578,30.96622,-12.621501443122687,37.37466480521106,3.7752186671930366,1.871884006898997,0.7970049420871954
Ben Kohles,7800,44320083,1.14,0.303,0.8125,3.952,15.922,27.060000000000002,43.878,79.74,34.65036,-11.846861064678267,33.97424357001304,4.355672252565774,1.590686599939597,1.5703215838377165
Doug Ghim,9500,44320064,0.87,1.437,1.0,2.618,11.65,21.221999999999998,36.914,76.714,38.54952,-10.985120072941328,30.44270352331482,3.2044951077173494,1.3046695885204087,0.3335595590442584
Maverick McNealy,9600,44320063,0.85,0.412,0.6625,2.436,10.644,19.306,33.536,73.476,41.87262,-10.638460307707652,28.413459095634757,2.959735322461954,1.125416558906215,0.067678088104367
Davis Thompson,9100,44320068,0.5,1.81,0.85,2.244,10.506,19.648,34.714,74.576,40.66184,-10.73951530914211,28.999280568649237,3.186734128422993,1.1862291397021658,0.403715481652739
Beau Hossler,8300,44320076,0.67,1.075,0.85,2.166,9.879999999999999,18.418,32.994,73.136,42.13474,-10.523514186572525,27.968208886940136,3.3696637213180884,1.0810213271453002,0.7005892820705978
Matt Wallace,9700,44320062,0.59,0.251,0.7375,2.088,9.214,17.082,30.593999999999998,71.146,44.21928,-10.259252145136236,26.6634159192238,2.7488057648684334,0.9535002504096208,-0.1894798733784433
Michael Brennan,10200,44320060,0.39,0.668,0.8125,1.804,8.906,16.63,30.468,71.286,44.09428,-10.252497801461486,26.627231953365136,2.6105129366044255,0.968053749553475,-0.4359054770605106
Sudarshan Yellamaraju,7200,44320105,0.45,0.412,0.6625,1.72,7.684,14.596,27.095999999999997,68.498,47.05298,-9.805174175196289,24.696787217816794,3.430109335807888,0.7819618837429676,0.9252075863705173
Christiaan Bezuidenhout,7600,44320086,0.66,0.675,1.0,1.712,8.48,16.561999999999998,30.858,72.72999999999999,43.05108,-10.215943859542248,27.03982055342669,3.5578711254508804,1.0082445646334297,0.9832782538525326
Jackson Suber,9300,44320066,0.44,0.745,0.85,1.7080000000000002,8.18,15.634,29.022,70.464,45.08264,-10.053121611863778,25.885762438365337,2.783415315953262,0.8981217677913889,-0.0443420004259227
Kevin Yu,9200,44320067,0.4,1.285,0.85,1.6740000000000002,7.928,15.372,29.055999999999997,70.50800000000001,45.06772,-10.005319800891616,25.787363531626486,2.802974296915923,0.8883188018948351,-0.0032519231236658
Mac Meissner,8600,44320073,0.51,1.21,1.0,1.628,8.272,16.07,30.352,72.408,43.39044,-10.14915102881601,26.758843949347757,3.1114934824822975,0.9715962660774848,0.4122426716601429
Zachary Bauchou,7300,44320098,0.47,1.045,0.85,1.5879999999999999,7.938000000000001,15.021999999999998,28.626,69.828,45.47178,-10.00569510510314,25.53413900875709,3.4978272614735744,0.8731329747479211,0.9808658517557514
Rasmus Højgaard,8700,44320072,0.4,,0.6,1.526,7.202,13.738,25.856,66.806,48.54218,-9.638388620276876,23.7547566275055,2.7304317962650004,0.6603043025156665,-0.010635756167195
Jordan L. Smith,8000,44320079,0.35,,0.6,1.484,7.290000000000001,13.969999999999999,26.214,66.928,48.30156,-9.689330095501147,23.9059914545062,2.988248931813275,0.6973883619911678,0.4026799498476325
Zecheng Dou,7300,44320097,0.41,,0.6,1.464,7.148000000000001,13.892,25.622,66.666,48.6941,-9.641798152007745,23.690982258198062,3.2453400353695976,0.6749303160804208,0.7451988910535242
Zac Blair,7000,44320115,0.38,,0.75,1.444,6.702,13.333999999999998,25.704,67.572,48.06376,-9.58810555571787,23.866065497837706,3.4094379282625296,0.6813888733370776,0.9111162506635764
Harry Hall,8900,44320070,0.35,0.451,0.6625,1.288,6.524000000000001,12.426,23.828,64.91,50.28984,-9.385190184504996,22.557712428057663,2.5345744301188384,0.5648166287466784,-0.2296645302676873
Kevin Roy,7600,44320088,0.38,1.072,1.0,1.26,6.41,12.992,25.684,68.894,47.09574,-9.540221238722806,24.1735886378065,3.1807353470798025,0.7307917368233166,0.65338124284453
Mackenzie Hughes,7500,44320091,0.36,1.005,0.85,1.214,6.401999999999999,12.85,24.918000000000003,67.342,48.36378,-9.48075164396819,23.5394155785893,3.1385887438119067,0.6684638473555209,0.6320181261161406
Lee Hodges,7300,44320099,0.24,0.948,0.85,1.1860000000000002,6.348,12.796,24.959999999999997,66.616,48.71362,-9.539868378030208,23.388470093871096,3.2039000128590542,0.6612201685627384,0.7288972489968871
Johnny Keefer,8400,44320075,0.27,0.528,0.85,1.1780000000000002,6.343999999999999,12.645999999999999,25.230000000000004,67.31200000000001,48.21728,-9.538318912666831,23.617240626140102,2.811576265016679,0.6881115850188008,0.1806656685584742
Ben Silverman,6600,44320136,0.26,,0.75,1.172,6.372,12.684000000000001,24.508,66.44200000000001,49.29836,-9.391653381666254,23.065164435145572,3.4947218841129657,0.6106093034792577,1.0379419201085127
Rasmus Neergaard-Petersen,7500,44320090,0.24,-0.132,0.6625,1.1440000000000001,5.912,11.85,22.918,64.666,50.8414,-9.214630083750613,22.12213827422842,2.949618436563789,0.519958234356241,0.4554419555539031
Chris Kirk,8100,44320078,0.21,0.276,0.85,1.1199999999999999,6.022,11.906,23.7,66.13,49.54588,-9.327632356420061,22.79688199811375,2.81442987631034,0.6006681413084486,0.2349316541631119
Eric Cole,8500,44320074,0.4,-0.173,0.85,1.118,5.827999999999999,11.764,23.241999999999997,65.89,49.91286,-9.231769652186083,22.539643941905847,2.6517228166948055,0.5469523225237979,-0.0399215445796664
Kris Ventura,7400,44320094,0.17,,0.6,1.1119999999999999,5.832,11.450000000000001,22.346,63.368,51.93228,-9.143860823802216,21.567532279884425,2.914531389173571,0.45438125923934,0.4302156104251803
A.J. Ewart,6700,44320131,0.24,,0.6,1.1039999999999999,5.81,11.456,22.306,63.586,51.87066,-9.129757015323452,21.60958317899615,3.2253109222382315,0.4499452284061846,0.7941630912259454
Boston Bracken,6200,44320160,,,0.0,1.0919999999999999,4.92,9.244,17.934,56.135999999999996,58.61056,-8.506550201338397,18.196633724875774,2.9349409233670603,0.0,0.5228991430121829
Bowen Mauss,6000,44320171,,,0.0,1.0699999999999998,4.7379999999999995,9.128,17.764,56.092,58.58982,-8.482944536080888,18.12814112150226,3.02135685358371,0.0,0.6283911461482947
Stephan Jaeger,7700,44320085,0.14,,0.6,0.96,5.08,10.16,20.384,61.63999999999999,53.66082,-8.816979804190876,20.382857617929847,2.647124365964915,0.3332003563105208,0.1278910668199618
Nick Taylor,7800,44320082,0.3,-0.211,0.85,0.9560000000000001,5.112,10.562000000000001,21.414,64.226,51.45324,-8.980759799400595,21.46833505658481,2.7523506482801037,0.4760068888800784,0.2449449141810248
Zach J. Johnson,6000,44320172,,,0.0,0.9520000000000001,4.590000000000001,8.870000000000001,17.522,56.068,58.88422,-8.403827148281232,17.97430720801627,2.995717868002712,0.0,0.6283911461482947
Hao-Tong Li,7500,44320089,0.02,,0.6,0.936,4.862,9.892,19.7,61.158,54.03332,-8.773156884280798,20.129579280847338,2.6839439041129785,0.301039789811482,0.1951435074181918
Rico Hoey,8200,44320077,0.04,0.375,1.0,0.9339999999999999,5.228,10.908,22.45,65.546,50.17532,-9.137746420894533,22.17552328579363,2.7043321080236136,0.5451554988383204,0.1161800005042262
Chandler Phillips,7200,44320103,0.09,1.557,0.85,0.91,5.098,10.646,21.474,64.4,51.36228,-8.985518200054603,21.53427641589881,2.99087172443039,0.4726093312157737,0.5573811589669267
Patrick Fishburn,7000,44320113,0.08,,0.6,0.886,4.9799999999999995,10.078,20.226,61.553999999999995,53.73038,-8.84484781441719,20.385266192896825,2.9121808846995463,0.3234933038321055,0.485571196520165
Max Homa,8800,44320071,0.07,0.768,0.8125,0.88,4.864,10.134,20.71,62.846000000000004,52.59554,-8.862951830935797,20.785755151115477,2.3620176308085767,0.37621312683187,-0.4011718983207916
William Mouw,7100,44320107,-0.03,0.34,0.85,0.874,4.632,9.772,20.052,62.288,52.967,-8.826358694992425,20.524904445790185,2.8908316120831246,0.36229757320055,0.4789642542655015
Joel Dahmen,6800,44320121,-0.09,0.783,0.85,0.86,4.734,9.894,20.392,62.71,52.72734,-8.847512654498331,20.71600991450202,3.046472046250297,0.3747653440005354,0.65202669003895
Max McGreevy,7100,44320106,0.06,-0.024,0.85,0.852,4.556,9.46,19.712,62.412,53.20456,-8.704582061263036,20.360885526249582,2.8677303558098006,0.3366779772626627,0.4485020377155726
Adrien Dumont De Chassart,6800,44320125,0.04,,0.6,0.852,4.390000000000001,8.996,18.29,59.57599999999999,55.66626,-8.541222242009969,19.18711371787034,2.82163437027505,0.1953223277995473,0.4386653227816622
Andrew Putnam,6600,44320134,0.22,-0.07,0.85,0.848,4.848,9.974,20.222,62.885999999999996,52.62848,-8.81578913696583,20.722190477090358,3.1397258298621757,0.383558538993044,0.7679739794597071
Austin Eckroat,7400,44320096,0.11,0.394,0.85,0.8460000000000001,4.726,9.972,20.72,63.048,52.38042,-8.891052698108266,20.891727020226657,2.8232063540846832,0.3957301271516806,0.3604782308472845
Billy Horschel,7600,44320087,-0.08,1.052,0.85,0.812,4.648,9.661999999999999,19.983999999999998,62.248000000000005,53.23646,-8.766410005980845,20.408819993219403,2.6853710517393954,0.354897642501214,0.2064355794999452
Kevin Streelman,6500,44320140,-0.03,,0.6,0.8019999999999999,4.2459999999999996,8.83,18.076,59.565999999999995,55.66796,-8.514585455147795,19.127378246624907,2.942673576403832,0.181151030076188,0.5800533685290579
John Parry,7500,44320092,0.08,0.046,0.85,0.7979999999999999,4.417999999999999,9.293999999999999,19.762,62.7,53.09722,-8.703086703696878,20.422820502006093,2.7230427336008125,0.3411185158181594,0.2427979213918008
Emiliano Grillo,7400,44320095,-0.14,1.449,0.85,0.7979999999999999,4.422000000000001,9.104,18.856,61.617999999999995,53.9895,-8.60938368504225,19.92452694147339,2.692503640739647,0.3141786264427244,0.2635118508703816
David Skinns,6500,44320141,0.0,,0.6,0.788,4.392,8.858,18.302,59.492,55.65166,-8.564123974786593,19.186178442577877,2.9517197603965966,0.1998254854276712,0.6022576727752307
Hayden Springer,7100,44320110,-0.01,,0.75,0.764,4.2299999999999995,8.786,18.354,60.028000000000006,55.1651,-8.527656163406917,19.279519483161454,2.7154252793185147,0.2247921946855881,0.315467584479689
C.T. Pan,6100,44320162,-0.104,,0.48,0.762,4.1259999999999994,8.472,17.072000000000003,57.544,57.39112,-8.353700996609899,18.256922884017353,2.992938177707763,0.0835890336420014,0.6750341923300651
Max Greyserman,7900,44320081,0.11,0.247,0.85,0.746,4.41,9.304,19.631999999999998,62.306,53.41578,-8.683177083254119,20.25905146430544,2.5644368942158784,0.327134390249983,0.0151865076322787
Davis Chatfield,6800,44320124,-0.02,,0.6,0.728,4.2700000000000005,8.968,18.486,59.763999999999996,55.53628,-8.518635004009342,19.203579805955417,2.824055853816973,0.1819372869894536,0.4227502391607012
Seamus Power,7300,44320100,0.25,0.483,1.0,0.718,4.46,9.612,20.31,63.786,51.99308,-8.794742491388199,20.92265798925334,2.8661175327744304,0.4021735593137963,0.4208856032786052
David Ford,7100,44320108,0.03,-0.352,1.0,0.7100000000000001,4.166,8.994,19.040000000000003,62.11,53.33608,-8.669141237619145,20.13819684396174,2.836365752670668,0.3438108680479503,0.4569831887944268
Denny McCarthy,7200,44320101,0.07,0.705,0.85,0.6819999999999999,4.21,9.142,19.268,62.153999999999996,53.4418,-8.652575975212775,20.143000803456946,2.7976390004801313,0.3307278694482805,0.3886812378885367
Paul Peterson,6400,44320144,-0.01,,0.75,0.67,3.744,7.872,17.034,58.416000000000004,56.56732,-8.34850082811457,18.434020640942357,2.880315725147243,0.1383448581356709,0.5819019678708299
Marco Penge,9400,44320065,-0.04,-0.126,0.85,0.668,3.936,8.55,18.26,60.92999999999999,54.53498,-8.50784064421852,19.49182393927507,2.073598291412241,0.2493631573357832,-0.8684750811751856
Neal Shipley,7900,44320080,-0.14,-0.01,0.85,0.654,3.8219999999999996,8.24,17.59,59.907999999999994,55.50452,-8.423812609841065,19.027076866383396,2.4084907425801765,0.1949842880342424,-0.1419426305692306
Steven Fisk,7200,44320102,0.01,-0.427,0.85,0.64,3.7699999999999996,8.14,17.502000000000002,59.88,55.59944,-8.341155702324809,18.887076677960067,2.6232050941611202,0.1846243021912905,0.2149611481849463
Pierceson Coody,7700,44320084,0.01,-0.836,1.0,0.624,3.626,8.062,17.721999999999998,60.35,54.91006,-8.433659072287696,19.138439764539612,2.4855116577324172,0.2357471987349672,0.0120172959479275
Taylor Pendrith,7400,44320093,-0.18,0.193,0.85,0.59,3.404,7.664,16.692,58.972,56.44594,-8.20484299524886,18.351720754272364,2.47996226409086,0.1206409258299056,0.0333916194297151
Chad Ramey,6900,44320119,-0.08,-0.123,0.85,0.542,3.1879999999999997,7.000000000000001,15.351999999999999,57.346,57.87038,-8.035409080364209,17.56783698782949,2.546063331569491,0.0501850641870124,0.2133481860423878
Austin Smotherman,7000,44320112,-0.17,-1.022,0.85,0.524,3.1919999999999997,7.03,15.754000000000001,57.752,57.53664,-8.06907855297131,17.74359274907866,2.5347989641540942,0.0715152560936066,0.1859642130748421
Taylor Moore,6900,44320116,0.12,-0.592,1.0,0.518,3.196,7.23,16.137999999999998,58.948,56.45558,-8.137638488359208,18.19758699290531,2.6373314482471466,0.1237172215075233,0.3007794049074874
Patrick Rodgers,7000,44320111,-0.18,,0.75,0.512,3.184,7.002,15.302,56.535999999999994,58.47146,-8.027285145694744,17.320967350472376,2.4744239072103396,0.0054471027765023,0.1074078455864992
Matthew McCarty,9000,44320069,-0.08,-0.317,0.85,0.498,3.11,7.016,15.508,57.489999999999995,57.70196,-8.04786149215972,17.61000190573472,1.9566668784149688,0.0435985644580255,-0.9021493279740324
Takumi Kanaya,6700,44320127,-0.06,-0.275,0.85,0.466,3.108,6.888,15.184000000000001,57.666,57.69524,-8.013035338602997,17.609130101341066,2.6282283733344873,0.0434483017769261,0.3108300427312645
Trace Crowe,6900,44320117,-0.27,-0.235,0.85,0.45399999999999996,2.916,6.572,14.722,57.084,58.3877,-7.879059987710641,17.21538369667771,2.4949831444460444,-0.0124203815715417,0.138909047715401
David Lipsky,6400,44320146,-0.23,-0.098,0.85,0.416,2.588,5.876,13.466000000000001,54.94799999999999,60.17218,-7.645070753870878,16.222744723798325,2.534803863093488,-0.1206189312171796,0.2739887966802298
Jesper Svensson,7000,44320114,-0.32,-0.557,0.85,0.416,2.408,5.604,12.946,54.246,60.68708,-7.578304283159619,15.90033862242888,2.2714769460612687,-0.1628345503247572,-0.0926824357192138
Aldrich Potgieter,7100,44320109,-0.42,,0.6,0.414,2.556,5.666,12.998000000000001,52.983999999999995,61.71446,-7.577739483385579,15.563262232871523,2.1920087651931723,-0.2044635349068452,-0.194926139989828
Tony Finau,7200,44320104,-0.27,-0.695,0.85,0.374,2.37,5.53,12.814,53.94799999999999,60.97818,-7.548405507855251,15.772162972927296,2.1905781906843464,-0.174879994598163,-0.2124967151623441
Tom Hoge,6800,44320122,-0.48,0.623,0.85,0.374,2.388,5.348,12.554000000000002,53.714,61.06528,-7.536909382130105,15.67185885575092,2.3046851258457233,-0.1823618788204072,-0.0104088202078812
Hank Lebioda,6300,44320152,-0.39,-0.205,0.85,0.34199999999999997,2.278,5.526,12.815999999999999,53.69199999999999,61.28754,-7.482476412788874,15.594495510513887,2.4753167477006173,-0.1997854820636473,0.2326041717839668
John VanDerLaan,6800,44320123,-0.45,-0.121,0.85,0.336,2.09,4.8660000000000005,11.364,51.790000000000006,62.81338,-7.2598959925363555,14.714048185522651,2.163830615518037,-0.2862903423354327,-0.1339818605076402
Erik Van Rooyen,6500,44320138,-0.31,0.113,0.85,0.32,2.322,5.3,12.509999999999998,53.76,61.10478,-7.495580623470184,15.622408961645196,2.4034475325607993,-0.1816426052822703,0.1486844152474069
Aaron Wise,6400,44320148,-0.38,-0.5,0.85,0.29,2.044,4.966,11.738,52.65,62.12816,-7.3483445687452145,15.078481939987576,2.3560128031230585,-0.2418680039770083,0.1298212024745046
Pontus Nyholm,6500,44320139,-0.39,-0.495,0.85,0.27799999999999997,2.048,4.66,11.356,51.912000000000006,62.79282,-7.2243293999984575,14.687366865121687,2.2595949023264135,-0.2939636379136355,0.0151324409140276
Gordon Sargent,6900,44320120,-0.59,0.761,0.85,0.272,1.754,4.279999999999999,10.402000000000001,50.18,64.13758,-7.0534161794931345,13.96130456705817,2.023377473486691,-0.3882370505498725,-0.3079445553330673
Justin Lower,6700,44320130,-0.56,-0.142,1.0,0.27,1.744,4.232,10.266,50.978,63.58008,-7.071957880761699,14.187779746240516,2.117579066603062,-0.3469008151936841,-0.1533029342314007
Matthieu Pavon,6700,44320129,-0.28,-1.41,0.85,0.268,1.9879999999999998,4.89,11.346,51.926,62.6652,-7.246436973418161,14.71650544065444,2.196493349351409,-0.280666831671039,-0.0745493912823694
Ben Martin,6400,44320147,-0.68,-0.383,0.85,0.26,1.5699999999999998,3.778,9.592,48.832,65.31816,-6.866579940205689,13.338864708579347,2.0841976107155227,-0.4766188999127047,-0.1493023498492757
Isaiah Salinda,6700,44320128,-0.45,-0.443,1.0,0.256,1.9,4.6739999999999995,11.464,53.09,61.81568,-7.272055299751668,15.062958854314859,2.2482028140768446,-0.2479603280934419,-0.0356606985415757
Brice Garnett,6300,44320150,-0.46,-1.009,0.85,0.248,1.59,3.93,9.646,49.464000000000006,64.96554,-6.895785000594147,13.550904248436494,2.150937182291507,-0.4382362831783636,-0.050918642458337
Mark Hubbard,6600,44320135,-0.57,-1.265,0.7375,0.24,1.7579999999999998,4.162,9.98,48.874,65.30304,-6.956586419608912,13.506978148001016,2.0465118406062146,-0.4536880473697086,-0.2275291065883424
Dylan Wu,6400,44320149,-0.47,-0.63,0.85,0.22999999999999998,1.7239999999999998,4.1259999999999994,10.282,49.472,64.62002,-7.0314087544316815,13.724511950453055,2.14445499225829,-0.4114679422259697,-0.0718365464736025
Jimmy Stanger,6300,44320154,-0.5,-1.081,0.85,0.22,1.58,3.8,9.586,48.522,65.50616,-6.897541400266185,13.295976828732877,2.110472512497282,-0.4895599349160727,-0.1119435000383569
Lucas Glover,6900,44320118,-0.77,0.568,0.85,0.214,1.7500000000000002,4.1259999999999994,9.954,49.342000000000006,64.9863,-6.927396418502511,13.570894074776902,1.96679624272129,-0.4455694196457249,-0.3761138991022854
Luke Clanton,6600,44320133,-0.58,0.36,1.0,0.19,1.6740000000000002,3.9960000000000004,9.858,50.2,64.0299,-6.976890868207576,13.816940563150965,2.0934758429016616,-0.3843243123460313,-0.1450542259490895
Chandler Blanchet,6600,44320132,-0.75,-0.258,0.85,0.19,1.402,3.4259999999999997,8.716,47.388000000000005,66.62804,-6.660752274852038,12.671797752973463,1.9199693565111309,-0.5552528297958504,-0.3482916823765175
Garrick Higgo,6700,44320126,-0.97,,0.6,0.14200000000000002,1.13,2.804,7.049999999999999,42.077999999999996,71.1102,-6.148165942980081,10.736693137380856,1.6024915130419188,-0.889009626904157,-0.79788125061022
Davis Riley,6300,44320151,-0.86,-0.161,0.85,0.13799999999999998,1.016,2.56,6.474,42.362,70.71708,-6.0981062077994785,10.694641798085458,1.697562190172295,-0.8572172114078542,-0.5490954207713146
Peter Malnati,6300,44320155,-0.61,-1.088,0.85,0.136,1.106,2.7720000000000002,7.380000000000001,44.378,69.1199,-6.275202599928563,11.42109689335417,1.81287252275463,-0.7521295862238573,-0.4241441138563368
Vince Whaley,6500,44320142,-0.61,-1.252,0.85,0.128,0.964,2.52,6.848,42.92,70.24672,-6.122047000993554,10.862748905244791,1.6711921392684295,-0.8089128915958195,-0.5971526129143626
Joe Highsmith,6400,44320145,-0.84,-1.906,0.7375,0.128,0.914,2.388,6.512,41.79,71.20142,-6.0745428486686235,10.537264712047755,1.6464476112574615,-0.8740837762995229,-0.6218961083472643
Adam Svensson,6500,44320143,-0.57,-1.63,1.0,0.124,0.992,2.538,6.798,43.878,69.49744,-6.170071739083896,11.130110047817976,1.712324622741227,-0.7453077627827234,-0.5215248312628448
Jeffrey Kang,6100,44320163,-0.86,-0.835,0.85,0.124,0.9560000000000001,2.524,6.7,42.532,70.52066,-6.097156960224295,10.75224781076314,1.7626635755349411,-0.8469418618885064,-0.4313858197096363
David Lingmerth,6000,44320173,-1.026,,0.6,0.124,0.9979999999999999,2.466,6.1339999999999995,40.44,72.59306,-5.872649490979096,10.020602267738816,1.6701003779564694,-1.0245684742086658,-0.5898414445312106
Rafael Campos,6100,44320165,-1.07,0.193,0.85,0.11800000000000001,0.902,2.26,5.968,41.458,71.54928,-5.884217366802797,10.23661870006642,1.678134213125643,-0.92299764003909,-0.5218176746660295
Michael Thompson,6200,44320161,-1.527,,0.48,0.08800000000000001,0.666,1.7819999999999998,4.938,36.336,75.92222,-5.461440782120646,8.638505561960809,1.3933073487033563,-1.274975704857655,-0.9930726978955804
Kensei Hirata,6000,44320169,-0.89,-1.762,0.85,0.082,0.694,1.92,5.25,39.03,73.3839,-5.6549514592686165,9.399707801440938,1.566617966906823,-1.0576815657021577,-0.6292135785085717
Adam Schenk,6200,44320159,-1.16,-0.616,1.0,0.066,0.44600000000000006,1.29,4.058,36.559999999999995,75.3254,-5.186179188424608,8.349552576573526,1.346702028479601,-1.211259191434913,-0.9173124776955552
Danny Walker,6200,44320156,-0.86,-0.878,1.0,0.064,0.664,1.796,5.174,40.32,72.42282,-5.666431481443146,9.68527320408396,1.5621408393683807,-0.9879521499734644,-0.6517958992680676
Nick Dunlap,6300,44320153,-0.99,-1.493,0.85,0.064,0.614,1.606,4.46,37.098,75.07344,-5.360607363531867,8.653125872938462,1.3735120433235655,-1.1847776366085256,-0.9385713762017216
Kihei Akina,6600,44320137,-1.817,,0.48,0.055999999999999994,0.434,1.218,3.5639999999999996,32.348,79.19552,-4.869728234004482,7.1996779330872975,1.0908602928920148,-1.5518441336453577,-1.5332588529455282
Patton Kizzire,6100,44320166,-1.14,-1.085,0.85,0.046,0.438,1.232,3.7960000000000003,35.11,76.53172,-5.168248700426959,8.007667041336902,1.3127323018585084,-1.3071506332370078,-0.9785833354309093
Marcelo Rozo,6000,44320170,-1.42,-1.436,0.85,0.038,0.33,0.924,2.888,31.322,79.56676,-4.602409426235052,6.727431813091417,1.1212386355152362,-1.5407161940087644,-1.2035514987577405
Alejandro Tosti,6200,44320157,-1.45,-1.35,0.85,0.027999999999999997,0.28400000000000003,0.9299999999999999,2.844,31.262,79.60906,-4.596631563503569,6.690257013546763,1.079073711862381,-1.5452085089434264,-1.3143849550019313
Cameron Davis,6200,44320158,-1.75,-1.617,0.85,0.018000000000000002,0.116,0.394,1.508,25.184,84.70066,-3.638269094239627,4.842043764196105,0.7809748006767911,-2.013430086673984,-1.8711098592025
Christo Lamprecht,6000,44320168,-1.64,-2.436,0.85,0.006,0.14400000000000002,0.45999999999999996,1.456,24.428,85.32758,-3.595339508244443,4.677852434766214,0.7796420724610357,-2.047791102929438,-1.8064737977676912
Kyoung-Hoon Lee,6100,44320164,-2.54,,0.6,0.002,0.046,0.22399999999999998,0.8240000000000001,17.855999999999998,91.19876,-2.4904248699118874,3.0469825498035172,0.4995053360333635,-2.685397717907744,-2.617346930857477
Brendon Todd,6100,44320167,-2.28,-2.295,0.85,0.002,0.044000000000000004,0.106,0.414,14.77,93.64086,-1.930841585667978,2.338779033463188,0.3834063989283915,-2.922320377024234,-2.899052753427396
