player,salary,win_pct,top10_pct,make_cut_pct,expected_finish,expected_4r_to_par_if_made_cut,dk_points_proxy
Jackson Koivun,10800,8.41,40.589999999999996,86.48,25.80184,-13.63827277052967,45.128200095165276
Benjamin James,9900,5.8020000000000005,32.403999999999996,82.19800000000001,31.2543,-12.578843257472844,40.52645516644026
Ben Kohles,7800,3.5540000000000003,24.602,77.62400000000001,37.0335,-11.444681271840546,35.8986987980492
Doug Ghim,9500,2.228,19.896,75.63600000000001,39.93426,-10.695181287637656,33.03411883280285
Davis Thompson,9100,2.412,19.588,74.482,40.8422,-10.67449530570855,32.90836967255881
Maverick McNealy,9600,2.63,20.318,73.556,41.45894,-10.784671721332952,33.2442777869325
Beau Hossler,8300,1.796,17.138,72.98599999999999,42.64126,-10.282167320246648,31.397768104542628
Christiaan Bezuidenhout,7600,1.706,16.078,71.99600000000001,43.6755,-10.11543905212291,30.776365914670407
Mac Meissner,8600,1.6219999999999999,15.817999999999998,71.772,43.96862,-10.06571712532097,30.58745767570614
Michael Brennan,10200,2.104,17.482,71.896,43.47092,-10.318111478143841,31.530205251916456
Matt Wallace,9700,2.012,16.798,70.958,44.4672,-10.178024198651938,31.023613237034265
Jackson Suber,9300,1.58,15.32,71.07,44.60992,-9.97839259979518,30.2568637195494
Kevin Yu,9200,1.518,15.394,70.982,44.81578,-9.918581544691715,30.109999398321776
Zachary Bauchou,7300,1.714,15.246,69.846,45.66928,-9.936009400017927,30.09554068003944
Sudarshan Yellamaraju,7200,1.614,14.956,68.324,46.98908,-9.839780798902636,29.691477757585798
Kevin Roy,7600,1.1520000000000001,12.672,67.85600000000001,47.96022,-9.441845494000336,28.320220086800745
Jordan L. Smith,8000,1.472,14.27,69.114,46.6456,-9.731947706645792,29.378804954620747
Johnny Keefer,8400,1.44,13.592,67.956,47.7349,-9.575490587628648,28.837439292783028
Zac Blair,7000,1.6680000000000001,14.978,68.684,46.76844,-9.855485379119003,29.77410783406181
Zecheng Dou,7300,1.5,14.368,68.69800000000001,46.7481,-9.778634348781114,29.470355567318453
Mackenzie Hughes,7500,1.3259999999999998,12.879999999999999,67.124,48.5187,-9.443715182155065,28.347093400741144
Lee Hodges,7300,1.044,12.192,67.304,48.39304,-9.361768361612572,28.00029039554766
Rasmus Højgaard,8700,1.638,14.618,69.236,46.30194,-9.836159085769747,29.716349988693445
Ben Silverman,6600,1.276,12.41,65.486,49.9491,-9.35834371795431,27.947436179499483
Chris Kirk,8100,1.082,11.57,65.398,50.135,-9.182948991308818,27.3787277808794
Harry Hall,8900,1.2919999999999998,12.584000000000001,65.286,49.9858,-9.399655897614407,28.0514829747517
Eric Cole,8500,1.086,11.68,65.51599999999999,50.05534,-9.248062823712745,27.54801821216804
Rico Hoey,8200,0.844,9.936,64.02799999999999,51.81736,-8.829369892412464,26.19109376330742
Rasmus Neergaard-Petersen,7500,1.26,11.776,64.50200000000001,50.96354,-9.221252578825988,27.473555673417177
Nick Taylor,7800,0.9299999999999999,10.664,64.424,51.37556,-8.977579226265698,26.676554297784538
Chandler Phillips,7200,0.988,10.636,64.076,51.5854,-8.958532390546516,26.620291259202336
Kris Ventura,7400,1.22,13.106000000000002,67.528,48.19574,-9.492569752527494,28.48673345556049
A.J. Ewart,6700,1.222,11.776,63.768,51.52312,-9.19192574975367,27.338916649458078
Seamus Power,7300,0.792,9.814,63.129999999999995,52.29192,-8.827116149454767,26.08161552880049
Austin Eckroat,7400,0.9480000000000001,10.316,63.266,52.23094,-8.898070438050569,26.365674963711257
Andrew Putnam,6600,0.86,9.778,62.522,52.93936,-8.792950280559836,25.97317061723164
Max Homa,8800,0.958,10.534,64.22200000000001,51.4251,-8.974160938782923,26.643074065322434
Joel Dahmen,6800,0.828,9.6,61.995999999999995,53.44162,-8.707999638448124,25.709679204585875
William Mouw,7100,0.8880000000000001,9.764000000000001,62.64999999999999,52.90964,-8.799122587645163,26.00342969281936
Billy Horschel,7600,0.8160000000000001,9.926,63.636,51.93498,-8.83545188466065,26.16331414625343
David Ford,7100,0.668,8.948,62.258,53.36138,-8.61794869004513,25.39324711809929
John Parry,7500,0.8580000000000001,9.396,62.076,53.4266,-8.674684265248471,25.62322538354664
Max McGreevy,7100,0.6839999999999999,8.704,61.474,53.8874,-8.57452267038632,25.205629874849908
Stephan Jaeger,7700,0.748,9.804,63.39,52.23468,-8.806960156912194,26.043472345206826
Denny McCarthy,7200,0.8540000000000001,9.629999999999999,62.578,53.1001,-8.713732362566212,25.780851197645667
Max Greyserman,7900,0.792,9.77,62.260000000000005,53.22434,-8.740743463109693,25.815835618841326
Patrick Fishburn,7000,0.9039999999999999,10.166,62.96000000000001,52.44806,-8.915865700194667,26.34614454042827
Emiliano Grillo,7400,0.812,9.156,61.568,54.01052,-8.596355613816307,25.36286235039588
Hao-Tong Li,7500,0.814,9.104,61.38,54.12012,-8.59652361579213,25.341511954742685
Marco Penge,9400,0.66,8.358,60.514,55.08092,-8.41885144514992,24.73071317932983
Pierceson Coody,7700,0.592,8.346,60.916000000000004,54.64412,-8.423441878356936,24.75089213238526
Hayden Springer,7100,0.718,8.67,61.858000000000004,53.75274,-8.529111678878106,25.141885693531833
David Skinns,6500,0.8580000000000001,9.152000000000001,59.304,55.72916,-8.558806394615189,25.112374068153418
Adrien Dumont De Chassart,6800,0.7979999999999999,8.902000000000001,59.343999999999994,55.70556,-8.52627902249512,24.991013849489264
Neal Shipley,7900,0.592,7.808,58.992,56.32486,-8.266274251440636,24.1758833531694
Steven Fisk,7200,0.658,8.304,59.372,55.71354,-8.393266316080915,24.574905895378013
Davis Chatfield,6800,0.89,9.24,59.5,55.6311,-8.56531248952333,25.16428747695133
Kevin Streelman,6500,0.8460000000000001,8.927999999999999,58.782000000000004,56.2304,-8.499338141893336,24.90482391216534
Paul Peterson,6400,0.632,7.75,58.35399999999999,56.89774,-8.219011970941063,24.024746336070336
Taylor Moore,6900,0.44600000000000006,6.832000000000001,58.24399999999999,57.09518,-8.023097814620389,23.400615192164857
Taylor Pendrith,7400,0.582,7.670000000000001,58.382,56.86544,-8.186792943165457,23.929904474964005
C.T. Pan,6100,0.8460000000000001,8.491999999999999,57.306000000000004,57.62788,-8.29684937736462,24.280228630202167
Austin Smotherman,7000,0.5519999999999999,7.4319999999999995,58.35399999999999,57.07018,-8.143445563316382,23.789980239296042
Chad Ramey,6900,0.542,7.352,57.86599999999999,57.52658,-8.07359246900235,23.58306343180517
Matthew McCarty,9000,0.584,7.55,59.831999999999994,55.6302,-8.257191469469616,24.184581232833157
Takumi Kanaya,6700,0.504,7.072000000000001,57.07,58.01218,-8.051115437607521,23.419333962736545
Patrick Rodgers,7000,0.28200000000000003,4.8919999999999995,53.394,61.47216,-7.38328605869875,21.28422932913725
Bowen Mauss,6000,1.058,9.322,56.098000000000006,58.58968,-8.506954316571067,24.825619496456348
Boston Bracken,6200,1.1560000000000001,9.34,55.778000000000006,58.71642,-8.543505565492502,24.912352244083507
Zach J. Johnson,6000,1.082,9.338000000000001,55.964000000000006,58.74676,-8.495640522439821,24.799449149367607
Trace Crowe,6900,0.47600000000000003,6.837999999999999,56.682,58.34558,-7.955290437008237,23.136318961418123
David Lipsky,6400,0.496,6.01,54.657999999999994,60.21624,-7.701964076690904,22.307160968719987
Jesper Svensson,7000,0.338,5.382,54.547999999999995,60.51178,-7.497958342235408,21.7142283529179
Tony Finau,7200,0.298,5.026,52.318,62.27308,-7.339666546360807,21.125746401993776
Erik Van Rooyen,6500,0.374,5.768,54.13400000000001,60.79188,-7.584736544880371,21.93686039873682
Tom Hoge,6800,0.416,5.704,54.004,60.7562,-7.59661550863318,21.956234118992995
Hank Lebioda,6300,0.34199999999999997,5.442,53.242,61.4155,-7.515522503109233,21.657989506840316
Aldrich Potgieter,7100,0.272,4.306,50.282000000000004,64.2269,-7.029122452755814,20.171069396062794
Aaron Wise,6400,0.316,4.99,52.288000000000004,62.44266,-7.314662090230061,21.068696598506136
Isaiah Salinda,6700,0.24,4.666,52.59,62.14582,-7.2701122357318475,20.926686918610066
Matthieu Pavon,6700,0.33999999999999997,4.9639999999999995,52.012,62.63722,-7.285746898033851,20.986563175674476
John VanDerLaan,6800,0.318,4.8759999999999994,51.876,62.63994,-7.254482527856065,20.887981561283343
Pontus Nyholm,6500,0.334,4.93,51.885999999999996,62.79038,-7.258745400852216,20.910519881874876
Justin Lower,6700,0.22799999999999998,4.216,50.934000000000005,63.61624,-7.038963077169648,20.219078769773226
Luke Clanton,6600,0.20600000000000002,3.948,50.104000000000006,64.31816,-6.958136095099422,19.93073940921873
Gordon Sargent,6900,0.336,4.62,49.903999999999996,64.25112,-7.095884300821705,20.35086546180775
Dylan Wu,6400,0.268,4.234,50.024,64.47688,-6.972557149784691,20.014705729526323
Brice Garnett,6300,0.28600000000000003,4.18,49.634,64.66118,-7.006208290281078,20.055378238618374
Lucas Glover,6900,0.202,3.88,50.076,64.39234,-6.896988908347902,19.783255598365386
Mark Hubbard,6600,0.304,4.46,49.328,65.00654,-6.995410113092165,20.051742248802764
Ben Martin,6400,0.246,3.9280000000000004,48.464,65.59086,-6.8405288107138755,19.550003383570527
Jimmy Stanger,6300,0.186,4.0,48.43,65.572,-6.883308270919461,19.633478196022814
Chandler Blanchet,6600,0.18,3.746,47.97,66.1185,-6.738715962890387,19.241215118358852
Adam Svensson,6500,0.132,2.452,43.324,69.81458,-6.131122453457361,17.337269397606196
Peter Malnati,6300,0.136,2.848,44.372,69.18118,-6.240945414646093,17.719359912221407
Vince Whaley,6500,0.13799999999999998,2.662,43.658,69.72974,-6.2041079045870795,17.55575739009158
Jeffrey Kang,6100,0.126,2.5,42.394,70.67888,-6.080320359105442,17.15602479003197
Davis Riley,6300,0.148,2.682,42.94,70.17832,-6.161907532672906,17.411276571880393
Joe Highsmith,6400,0.168,2.992,46.292,67.32192,-6.520297832712608,18.51729523196774
Garrick Higgo,6700,0.168,2.918,42.602000000000004,70.7416,-6.19615765732777,17.498626846121095
Rafael Campos,6100,0.11800000000000001,2.402,42.071999999999996,71.00744,-6.003523151608726,16.945190933539198
Danny Walker,6200,0.07200000000000001,1.818,39.35,73.06448,-5.639894018958502,15.831886841708707
David Lingmerth,6000,0.14400000000000002,2.606,40.92,72.1294,-6.027517204555256,16.942177850021565
Kensei Hirata,6000,0.06999999999999999,1.862,38.938,73.46732,-5.6571470307023,15.842443467545062
Nick Dunlap,6300,0.066,1.552,37.502,74.76866,-5.37986925656703,15.072952364447467
Adam Schenk,6200,0.048,1.32,36.148,75.5652,-5.250328797217478,14.641763353878453
Michael Thompson,6200,0.052,1.1360000000000001,30.959999999999997,80.29282,-4.7183268076997065,13.031758976939354
Patton Kizzire,6100,0.055999999999999994,1.522,35.083999999999996,76.5822,-5.151921001802098,14.370826203964617
Marcelo Rozo,6000,0.024,0.9979999999999999,32.23,79.1646,-4.6632293340549955,12.984424534920992
Alejandro Tosti,6200,0.024,0.964,31.416,79.59678,-4.669709435071536,12.928800757157381
Kihei Akina,6600,0.036000000000000004,0.9440000000000001,28.464,82.479,-4.336844968173709,11.961138929982162
Cameron Davis,6200,0.013999999999999999,0.44600000000000006,25.385999999999996,84.5226,-3.732622461811927,10.309289415986239
Christo Lamprecht,6000,0.01,0.466,24.496000000000002,85.05566,-3.7506975280937205,10.279454561806185
Kyoung-Hoon Lee,6100,0.004,0.192,18.366,90.80356,-2.611732049383346,7.243170508643361
Brendon Todd,6100,0.0,0.108,15.318000000000001,93.318,-1.9976225691648075,5.635329652162577
