player,dk_id,salary,dk_avg_points,sg_ott,sg_approach,sg_arg,sg_putting,sg_total,driving_distance,driving_accuracy,gir_pct,source,recent5_sg_total,recent5_sg_ott,recent5_sg_approach,recent5_sg_arg,recent5_sg_putting,season_sg_source,season_sg_verified,recent5_verified,data_note,season_sg_coverage_fields,stats_as_of,finish_2025,to_par_2025,course_history_z,black_desert_skill_fit,season_ability_z,recent_form_z_verified_only,course_history_available,prelim_model_score,prelim_model_score_with_verified_recent,salary_value_index,recent_profile_asof,recent_profile_event,recent_freshness,recent_freshness_weight,prelim_model_score_v4,salary_value_index_v4,prelim_model_score_v5,salary_value_index_v5,recent_form_coverage,model_data_confidence,recent_ball_striking,recent_ball_striking_z,prelim_model_score_v6,salary_value_index_v6,prelim_model_score_v7,salary_value_index_v7,to_par_2025_v8,finish_2025_v8,to_par_2024,finish_2024,course_history_z_2025_v8,course_history_z_2024,course_history_z_v8,course_history_years_v8,prelim_model_score_v8,model_data_confidence_v8
Jackson Koivun,44320059,10800,83.3,0.51,0.74,0.26,0.11,1.61,,,,,1.694,0.514,0.649,0.25,0.281,Statz Golf 2026 full-season SG table (current),True,True,,5,2026-09-28 research build,,,,1.465663225642905,2.646118337922028,1.924331429635607,False,2.086392726060045,2.086392726060045,0.8181418220206245,2026-08-09,Wyndham Championship,recent,0.85,2.322369753337561,1.099733340413945,2.2704863781313613,0.9994289824408752,1,0.8125,0.58825,1.508180136996793,2.284996401925851,0.9994292658639924,2.314058553401435,0.8480453864399964,,,,,,,0.0,0,2.314058553401435,0.8125
Benjamin James,44320061,9900,84.2,0.44,0.47,0.01,0.46,1.38,,,,,0.828,0.214,0.277,0.153,0.183,Statz Golf 2026 full-season SG table (current),True,True,,5,2026-09-28 research build,,,,1.194586521878142,2.30829479086011,0.984204564345937,False,1.7990382445286068,1.7990382445286068,0.917562423847275,2026-07-26,3M Open,older_snapshot,0.55,1.8501697988262016,0.963294404029318,1.8362469712777223,0.9184944559707876,1,0.7375,0.24865,0.68052768477686,1.83646653273582,0.903666863765452,1.871884006898997,0.7970049420871954,,,,,,,0.0,0,1.871884006898997,0.7375
Ben Kohles,44320083,7800,75.0,0.28,0.56,0.04,0.25,1.14,,,,,0.303,0.217,0.165,-0.042,-0.037,Statz Golf 2026 full-season SG table (current),True,True,,5,2026-09-28 research build,20.0,-12.0,0.4121382498605862,1.0447434899375534,1.955783263491152,0.4142662222246012,True,1.5736588187396956,1.5736588187396956,1.730876291769088,2026-05-24,THE CJ CUP Byron Nelson,stale_snapshot,0.25,1.5689145439977377,1.706940963451527,1.5680004324262156,1.6829148150235491,1,0.8125,0.1884,0.5336900515429054,1.5707285877085515,1.6733459733171443,1.590686599939597,1.5703215838377165,-12.0,20.0,-9.0,46.0,0.23270004537651343,-2.0760739083491657,-0.6908095361137583,2,1.4803918213421625,0.8825000000000001
Doug Ghim,44320064,9500,69.6,0.51,0.16,0.23,-0.03,0.87,,,,,1.437,0.5,0.48,0.235,0.223,Statz Golf 2026 full-season SG table (current),True,True,,5,2026-09-28 research build,63.0,0.0,-1.5661253494702276,0.879796194410027,1.5592077952010746,1.6453330412066869,True,1.0768215805361825,1.0768215805361825,0.1853102056662932,2026-09-17,Biltmore Championship Asheville,current,1.0,1.0768215805361825,0.1733591157227569,1.2492053108090748,0.3783056374087894,1,1.0,0.489,1.2662940772711502,1.2615453283648783,0.3834197730640318,1.3046695885204087,0.3335595590442584,0.0,63.0,,,-1.9153003734836094,,-1.9153003734836094,1,1.2697520861190703,1.0
Davis Thompson,44320068,9100,62.9,0.2,0.61,-0.07,-0.25,0.5,,,,,1.81,0.537,1.514,-0.212,-0.028,Statz Golf 2026 full-season SG table (current),True,True,,5,2026-09-28 research build,,,,0.7452810368246094,1.0157525238405978,2.050260663323369,False,0.8465593997025409,0.8465593997025409,0.0955650250996993,2026-09-17,Biltmore Championship Asheville,current,1.0,0.8465593997025409,0.086322315639739,1.083089023953829,0.376728851405367,1,0.85,1.07435,2.6928734733457618,1.164781306296145,0.4713315018363824,1.1862291397021658,0.403715481652739,,,,,,,0.0,0,1.1862291397021658,0.85
Maverick McNealy,44320063,9600,73.2,0.07,-0.13,0.28,0.61,0.85,,,,,0.412,0.008,-0.552,0.164,0.792,Statz Golf 2026 full-season SG table (current),True,True,,5,2026-09-28 research build,,,,0.5036742731384296,1.5298318345869948,0.5325962780174118,False,1.120309260766154,1.120309260766154,0.1893603947089497,2026-05-14,PGA Championship,stale_snapshot,0.25,1.120309260766154,0.176897795736947,1.120309260766154,0.1606254982134007,1,0.6625,-0.3,-0.6566087048299315,1.1037879697985975,0.1300252556940484,1.125416558906215,0.067678088104367,,,,,,,0.0,0,1.125416558906215,0.6625
Beau Hossler,44320076,8300,64.0,0.17,-0.12,0.18,0.44,0.67,,,,,1.075,0.362,-0.183,0.319,0.577,Statz Golf 2026 full-season SG table (current),True,True,,5,2026-09-28 research build,,,,0.4877322334972012,1.2654481890602762,1.252346984353499,False,0.94447438126348,0.94447438126348,0.6454128860741106,2026-09-20,Biltmore Championship Asheville,current,1.0,1.090107623904253,0.8235068257445061,1.0546039195251675,0.7622476001236427,1,0.85,0.0622499999999999,0.2262449489294054,1.0196497005144176,0.7087094479604464,1.0810213271453002,0.7005892820705978,,,-15.0,11.0,,-0.34163241529796434,-0.34163241529796434,1,1.0468580856155036,0.89
Christiaan Bezuidenhout,44320086,7600,69.3,-0.27,0.35,0.2,0.38,0.66,,,,,0.675,-0.289,0.505,0.037,0.422,Statz Golf 2026 full-season SG table (current),True,True,,5,2026-09-28 research build,42.0,-8.0,-0.2472829499163517,0.4657718990398184,1.2507602087532363,0.8181082474991478,True,0.904708815457923,0.904708815457923,0.9626998974531062,2026-09-17,Biltmore Championship Asheville,current,1.0,0.904708815457923,0.9527732252937876,0.9460491912762906,0.9925640318899958,1,1.0,0.1477,0.4344984885118357,0.9377044478493536,0.9737068859997158,1.0082445646334297,0.9832782538525326,-8.0,42.0,,,-0.4833000942435275,,-0.4833000942435275,1,0.9846428502007121,1.0
Mac Meissner,44320073,8600,63.0,0.01,0.11,0.23,0.17,0.51,,,,,1.21,0.28,0.103,0.327,0.5,Statz Golf 2026 full-season SG table (current),True,True,,5,2026-09-28 research build,27.0,-11.0,0.2472829499163517,0.4448302500461571,1.0304405041476377,1.3989025580418424,True,0.805722185199139,0.805722185199139,0.3059604285950167,2026-09-17,Biltmore Championship Asheville,current,1.0,0.805722185199139,0.2971980529630614,0.9390680657854472,0.4561710356245619,1,1.0,0.18265,0.5196765014832334,0.9162647826770984,0.4189781772122299,0.9715962660774848,0.4122426716601429,-11.0,27.0,,,0.0537000104715032,,0.0537000104715032,1,0.952237972133,1.0
Michael Brennan,44320060,10200,66.6,0.58,0.23,-0.49,0.07,0.39,,,,,0.668,0.492,0.019,-0.03,0.187,Statz Golf 2026 full-season SG table (current),True,True,,5,2026-09-28 research build,1.0,-22.0,2.060691249302931,0.7140280789675345,0.8541847404631586,0.8105090696041966,True,0.93979622597323,0.93979622597323,-0.3628709522478608,2026-01-22,The American Express,stale_snapshot,0.25,0.93979622597323,-0.373210328123938,0.9498303673421324,-0.3739936525960103,1,0.8125,0.23185,0.6395837472112096,0.9507864800627166,-0.3810503724578407,0.968053749553475,-0.4359054770605106,-22.0,1.0,,,2.0227003944266158,,2.0227003944266158,1,0.9642546640658435,0.8525
Matt Wallace,44320062,9700,73.2,0.02,0.4,0.17,0.01,0.59,,,,,0.251,-0.259,1.09,-0.146,-0.435,Statz Golf 2026 full-season SG table (current),True,True,,5,2026-09-28 research build,,,,0.6129559270512009,1.147944346603957,0.3578151864335355,False,0.8994028070553723,0.8994028070553723,-0.1518959386529597,2026-07-19,The Open Championship,older_snapshot,0.55,0.8828671438536272,-0.1831617685220268,0.8820359320510188,-0.1970127477495658,1,0.7375,0.4829500000000001,1.2515493854692348,0.9120141841131532,-0.1666340936709316,0.9535002504096208,-0.1894798733784433,,,,,,,0.0,0,0.9535002504096207,0.7375
Jackson Suber,44320066,9300,69.2,0.14,0.52,0.09,-0.31,0.44,,,,,0.745,0.188,0.407,0.385,-0.234,Statz Golf 2026 full-season SG table (current),True,True,,5,2026-09-28 research build,,,,0.6577692703108705,0.927624641998358,0.8941000264486592,False,0.7673983348766504,0.7673983348766504,-0.1133136591153352,2026-09-17,Biltmore Championship Asheville,current,1.0,0.7673983348766504,-0.1216252635095078,0.7673983348766504,-0.1327179008684019,1,0.85,0.30845,0.826268605397449,0.8326542845621006,-0.0565863999981524,0.8981217677913889,-0.0443420004259227,-13.0,15.0,,,0.41170008028152366,,0.41170008028152366,1,0.9392917758195413,0.89
Kevin Yu,44320067,9200,65.0,0.31,0.11,0.1,-0.12,0.4,,,,,1.285,0.435,0.174,0.303,0.373,Statz Golf 2026 full-season SG table (current),True,True,,5,2026-09-28 research build,,,,0.5451097570952838,0.8688727207701986,1.480322321202033,False,0.70104470777445,0.70104470777445,-0.1472274479219194,2026-09-17,Biltmore Championship Asheville,current,1.0,0.70104470777445,-0.1547585903748065,0.70104470777445,-0.1648773580859553,1,0.85,0.29145,0.7848372400036361,0.8371702206949043,0.0019033328971662,0.8883188018948351,-0.0032519231236658,-13.0,15.0,,,0.41170008028152366,,0.41170008028152366,1,0.9294888099229875,0.89
Zachary Bauchou,44320098,7300,67.3,-0.03,0.24,0.08,0.18,0.47,,,,,1.045,0.028,0.007,-0.053,1.063,Statz Golf 2026 full-season SG table (current),True,True,,5,2026-09-28 research build,,,,0.4553051565092335,0.971688582919478,1.2197790790894223,False,0.7454238680249691,0.7454238680249691,0.9129070716329,2026-09-17,Biltmore Championship Asheville,current,1.0,0.7454238680249692,0.9048539344214088,0.7454238680249692,0.8940838154722358,1,0.85,0.01645,0.1146239762801918,0.8100431832063004,0.9695750113599436,0.8731329747479211,0.9808658517557514,,,,,,,0.0,0,0.8731329747479211,0.85
Sudarshan Yellamaraju,44320105,7200,62.9,0.31,0.19,-0.06,0.01,0.45,,,,,0.412,0.183,0.21,0.097,-0.078,Statz Golf 2026 full-season SG table (current),True,True,,5,2026-09-28 research build,,,,0.5967390383549153,0.942312622305398,0.5325962780174118,False,0.7616879640872375,0.7616879640872375,0.9868944614557128,2026-05-14,PGA Championship,stale_snapshot,0.25,0.7616879640872375,0.9786500233532172,0.7616879640872375,0.9676411968880456,1,0.6625,0.19785,0.5567210164235838,0.7627900113691517,0.9622206227958088,0.7819618837429676,0.9252075863705173,,,,,,,0.0,0,0.7819618837429675,0.6625
Kevin Roy,44320088,7600,65.9,0.15,-0.08,0.22,0.1,0.38,,,,,1.072,0.495,0.634,0.035,-0.093,Statz Golf 2026 full-season SG table (current),True,True,,5,2026-09-28 research build,60.0,-3.0,-1.0715594496375245,0.3760158333253019,0.8394967601561187,1.2490901938270913,True,0.5325209074690502,0.8281845453305178,0.8627569478747952,2026-10-01,Bank of Utah Championship,current,1.0,0.6775144726165256,0.6587230212706603,0.642134527012413,0.6036777700846747,1,1.0,0.57145,1.467236199431143,0.6793895966921615,0.6451612513280364,0.7307917368233166,0.65338124284453,-3.0,60.0,,,-1.3783002687685786,,-1.3783002687685786,1,0.7001176549102112,1.0
Jordan L. Smith,44320079,8000,63.1,0.53,0.31,-0.21,-0.27,0.35,,,,,,,,,,Statz Golf 2026 full-season SG table (current),True,False,,5,2026-09-28 research build,,,,0.721428117953674,0.795432819234999,,False,0.6973883619911678,0.6973883619911678,0.4809492756629113,,,,0.0,0.6973883619911678,0.4734611397320889,0.6973883619911678,0.4633960360681895,0,0.6,,,0.6973883619911678,0.4570695245433368,0.6973883619911678,0.4026799498476325,,,,,,,0.0,0,0.6973883619911678,0.6
Johnny Keefer,44320075,8400,60.5,0.49,0.3,-0.3,-0.22,0.27,,,,,0.528,0.384,-0.099,-0.057,0.3,Statz Golf 2026 full-season SG table (current),True,True,,5,2026-09-28 research build,,,,0.6538271048227686,0.6779289767786797,0.6585255117051737,False,0.604110611111834,0.604110611111834,0.1481417807459664,2026-09-17,Biltmore Championship Asheville,current,1.0,0.604110611111834,0.1417507925930327,0.604110611111834,0.1330547229120294,1,0.85,0.11835,0.3629684547289881,0.6130028708039257,0.1387572534230239,0.6881115850188008,0.1806656685584742,,,,,,,0.0,0,0.6881115850188008,0.85
Zac Blair,44320115,7000,71.7,-0.4,0.58,0.13,0.07,0.38,,,,,,,,,,Statz Golf 2026 full-season SG table (current),True,False,,5,2026-09-28 research build,20.0,-12.0,0.4121382498605862,0.378008616998167,0.8394967601561187,,True,0.6813888733370776,0.6813888733370776,0.9875134881535508,,,,0.0,0.6813888733370776,0.9802135407592092,0.6813888733370776,0.9703832609784966,0,0.75,,,0.6813888733370776,0.9641801018128556,0.6813888733370776,0.9111162506635764,-12.0,20.0,,,0.23270004537651343,,0.23270004537651343,1,0.6634450528886704,0.79
Zecheng Dou,44320097,7300,57.7,-0.06,0.21,0.14,0.12,0.41,,,,,,,,,,Statz Golf 2026 full-season SG table (current),True,False,,5,2026-09-28 research build,,,,0.4024634415208631,0.8835607010772384,,False,0.6749303160804208,0.6749303160804208,0.8208404175392344,,,,0.0,0.6749303160804208,0.8136164367250869,0.6749303160804208,0.8038809489422676,0,0.6,,,0.6749303160804208,0.7977275837601678,0.6749303160804208,0.7451988910535242,,,,,,,0.0,0,0.6749303160804208,0.6
Mackenzie Hughes,44320091,7500,64.3,-0.14,-0.29,0.41,0.38,0.36,,,,,1.005,0.275,-0.381,0.465,0.647,Statz Golf 2026 full-season SG table (current),True,True,,5,2026-09-28 research build,,,,0.1239139286247648,0.8101207995420389,1.1763552054039874,False,0.5575570018585165,0.5575570018585165,0.562055410685626,2026-09-17,Biltmore Championship Asheville,current,1.0,0.5575570018585165,0.5562119935071581,0.5575570018585165,0.5481991893690462,1,0.85,-0.0858,-0.1345735008678888,0.6022702675154911,0.5998206781742041,0.6684638473555209,0.6320181261161406,,,,,,,0.0,0,0.6684638473555208,0.85
Lee Hodges,44320099,7300,57.3,0.24,0.1,-0.24,0.14,0.24,,,,,0.948,0.497,0.018,-0.054,0.487,Statz Golf 2026 full-season SG table (current),True,True,,5,2026-09-28 research build,,,,0.422295730110282,0.6338650358575599,1.1144761854022425,False,0.5175862058349845,0.5175862058349845,0.6153443775179106,2026-09-17,Biltmore Championship Asheville,current,1.0,0.5175862058349845,0.6099711032151472,0.5175862058349845,0.6025449489218672,1,0.85,0.23355,0.6437268837505908,0.5997832542945052,0.7021494975697559,0.6612201685627384,0.7288972489968871,,,-16.0,8.0,,-0.05255883312276414,-0.05255883312276414,1,0.6559642852504618,0.89
Rasmus Højgaard,44320072,8700,64.8,0.2,-0.09,-0.08,0.35,0.4,,,,,,,,,,Statz Golf 2026 full-season SG table (current),True,False,,5,2026-09-28 research build,,,,0.3821481360601499,0.8688727207701986,,False,0.6603043025156665,0.6603043025156665,0.0632943912968291,,,,0.0,0.6603043025156665,0.0562424439861768,0.6603043025156665,0.0467216216451771,0,0.6,,,0.6603043025156665,0.0406810196468313,0.6603043025156665,-0.010635756167195,,,,,,,0.0,0,0.6603043025156665,0.6
Ben Silverman,44320136,6600,51.4,-0.06,0.12,-0.07,0.27,0.26,,,,,,,,,,Statz Golf 2026 full-season SG table (current),True,False,,5,2026-09-28 research build,3.0,-16.0,1.0715594496375245,0.2893868432357573,0.6632409964716398,,True,0.6106093034792577,0.6106093034792577,1.1060572925173175,,,,0.0,0.6106093034792577,1.0995898657086178,0.6106093034792577,1.0907984149682353,0,0.75,,,0.6106093034792577,1.085140949925369,0.6106093034792577,1.0379419201085127,-16.0,3.0,,,0.9487001849965544,,0.9487001849965544,1,0.5983233770151607,0.79
Chris Kirk,44320078,8100,60.5,0.03,0.5,0.11,-0.44,0.21,,,,,0.276,-0.089,0.863,-0.04,-0.458,Statz Golf 2026 full-season SG table (current),True,True,,5,2026-09-28 research build,,,,0.4884649338020871,0.5898010949364402,0.3849551074869325,False,0.5054869451592079,0.5054869451592079,0.1775743743417234,2026-09-17,Biltmore Championship Asheville,current,1.0,0.5054869451592079,0.1723434134721139,0.5054869451592079,0.1650948395651202,1,0.85,0.4346,1.133713708010949,0.5054869451592079,0.1602478436056731,0.6006681413084486,0.2349316541631119,,,,,,,0.0,0,0.6006681413084486,0.85
Harry Hall,44320070,8900,58.8,-0.31,-0.07,0.32,0.41,0.35,,,,,0.451,-0.198,0.214,0.316,0.119,Statz Golf 2026 full-season SG table (current),True,True,,5,2026-09-28 research build,,,,0.1264359686475918,0.795432819234999,0.5749345548607112,False,0.5486403246646473,0.5486403246646473,-0.1880340541797027,2026-05-14,PGA Championship,stale_snapshot,0.25,0.5486403246646473,-0.1937725919793568,0.5486403246646473,-0.2016545263872503,1,0.6625,0.0286,0.144235216841064,0.5450741608295002,-0.2113699593437161,0.5648166287466784,-0.2296645302676873,,,,,,,0.0,0,0.5648166287466784,0.6625
Eric Cole,44320074,8500,66.0,-0.45,0.0,0.32,0.54,0.4,,,,,-0.173,-0.109,-0.492,0.179,0.248,Statz Golf 2026 full-season SG table (current),True,True,,5,2026-09-28 research build,,,,0.1106310637348857,0.8688727207701986,-0.1024778746320765,False,0.5924250344343506,0.5924250344343506,0.0801340720263521,2026-09-17,Biltmore Championship Asheville,current,1.0,0.5924250344343505,0.0738805314894271,0.5924250344343505,0.0653559705704857,1,0.85,-0.31965,-0.7044984889468975,0.444174439144932,-0.1287183464687247,0.5469523225237979,-0.0399215445796664,,,,,,,0.0,0,0.546952322523798,0.85
Rico Hoey,44320077,8200,64.0,0.4,0.07,-0.14,-0.31,0.04,,,,,0.375,0.349,0.172,0.056,-0.202,Statz Golf 2026 full-season SG table (current),True,True,,5,2026-09-28 research build,2.0,-18.0,1.401270049525993,0.4013003598960903,0.3401054297167617,0.4924291948583844,True,0.461520624242517,0.461520624242517,0.0674070633354343,2026-09-17,Biltmore Championship Asheville,current,1.0,0.461520624242517,0.0626932413423624,0.4512691282283945,0.0429722444044552,1,1.0,0.25165,0.6878391021992976,0.4685258447762069,0.0604917373955613,0.5451554988383204,0.1161800005042262,-18.0,2.0,-14.0,21.0,1.306700254806575,-0.6307059974731646,0.531737753894679,2,0.4582022692751889,1.0
Rasmus Neergaard-Petersen,44320090,7500,59.9,0.43,-0.07,-0.17,0.03,0.24,,,,,-0.132,0.307,-0.329,-0.104,-0.006,Statz Golf 2026 full-season SG table (current),True,True,,5,2026-09-28 research build,,,,0.4390695104964063,0.6338650358575599,-0.0579684041045055,False,0.5217796509315156,0.5217796509315156,0.5153291371283659,2026-05-14,PGA Championship,stale_snapshot,0.25,0.5217796509315156,0.5099065388557815,0.5217796509315156,0.5024188375291688,1,0.6625,-0.0428,-0.0297765178129503,0.4959080853794345,0.4645406875797396,0.519958234356241,0.4554419555539031,,,,,,,0.0,0,0.519958234356241,0.6625
Nick Taylor,44320082,7800,65.9,-0.18,0.03,0.29,0.16,0.3,,,,,-0.211,-0.167,-0.413,0.212,0.157,Statz Golf 2026 full-season SG table (current),True,True,,5,2026-09-28 research build,,,,0.2167810163248913,0.7219929176997995,-0.1437305546332398,False,0.5234906505860926,0.4799158271917357,0.3024157461942585,2026-10-01,Bank of Utah Championship,current,1.0,0.3949154744332576,0.1874723815714382,0.4124630315925059,0.2043003451528715,1,0.85,-0.3023,-0.6622141248538003,0.3725402307178433,0.1493935081753875,0.4760068888800784,0.2449449141810248,,,,,,,0.0,0,0.4760068888800784,0.85
Chandler Phillips,44320103,7200,58.5,-0.02,-0.47,0.24,0.34,0.09,,,,,1.557,0.164,0.266,0.629,0.498,Statz Golf 2026 full-season SG table (current),True,True,,5,2026-09-28 research build,,,,-0.0172118737585333,0.4135453312519612,1.7756046622629915,False,0.2645014968741414,0.2645014968741414,0.337554298642428,2026-09-17,Biltmore Championship Asheville,current,1.0,0.2645014968741414,0.3351578470378576,0.2645014968741414,0.3314462073405284,1,0.85,0.2201,0.6109473623066625,0.2645014968741414,0.3284571534831257,0.4726093312157737,0.5573811589669267,,,,,,,0.0,0,0.47260933121577375,0.85
Kris Ventura,44320094,7400,51.6,0.52,-0.13,-0.19,-0.03,0.17,,,,,,,,,,Statz Golf 2026 full-season SG table (current),True,False,,5,2026-09-28 research build,,,,0.4367971853158304,0.5310491737082806,,False,0.45438125923934,0.45438125923934,0.4800508550105322,,,,0.0,0.45438125923934,0.475421007366916,0.45438125923934,0.468922509657986,0,0.6,,,0.45438125923934,0.464469526723807,0.45438125923934,0.4302156104251803,,,,,,,0.0,0,0.45438125923934003,0.6
A.J. Ewart,44320131,6700,60.7,-0.25,0.05,-0.02,0.46,0.24,,,,,,,,,,Statz Golf 2026 full-season SG table (current),True,False,,5,2026-09-28 research build,,,,0.1517318203950825,0.6338650358575599,,False,0.4499452284061846,0.4499452284061846,0.8434792791268627,,,,0.0,0.4499452284061846,0.8389016087851793,0.4499452284061846,0.8324682185311623,0,0.6,,,0.4499452284061846,0.8280494363693103,0.4499452284061846,0.7941630912259454,,,,,,,0.0,0,0.4499452284061846,0.6
Seamus Power,44320100,7300,58.1,-0.23,-0.11,0.2,0.39,0.25,,,,,0.483,-0.371,0.019,0.177,0.657,Statz Golf 2026 full-season SG table (current),True,True,,5,2026-09-28 research build,59.0,-4.0,-0.9067041496932896,0.1026444412055848,0.6485530161645998,0.6096736538090591,True,0.3565501558390571,0.3565501558390571,0.4050265554957237,2026-09-17,Biltmore Championship Asheville,current,1.0,0.3565501558390571,0.4015474128883263,0.3565501558390571,0.3964847785431309,1,1.0,-0.1565,-0.3068792381233343,0.3565501558390571,0.392786050802327,0.4021735593137963,0.4208856032786052,-4.0,59.0,-15.0,11.0,-1.1993002338635685,-0.34163241529796434,-0.8562331064373269,2,0.4072206636393926,1.0
Austin Eckroat,44320096,7400,65.0,-0.18,0.32,-0.14,0.11,0.11,,,,,0.394,-0.283,0.089,-0.067,0.655,Statz Golf 2026 full-season SG table (current),True,True,,5,2026-09-28 research build,,,,0.2494106700566045,0.442921291866041,0.513055534858966,False,0.3502515072270778,0.3502515072270778,0.3440543334150058,2026-09-17,Biltmore Championship Asheville,current,1.0,0.3502515072270778,0.3406492765168284,0.3502515072270778,0.335679087196463,1,0.85,-0.0784,-0.1165386712258761,0.3502515072270778,0.3320289205805131,0.3957301271516806,0.3604782308472845,,,,,,,0.0,0,0.3957301271516806,0.85
Andrew Putnam,44320134,6600,60.1,-0.59,0.21,0.38,0.22,0.22,,,,,-0.07,-1.082,0.481,0.111,0.419,Statz Golf 2026 full-season SG table (current),True,True,,5,2026-09-28 research build,,,,0.0523000904051281,0.6044890752434801,0.0093386001079188,False,0.4059929215095441,0.4059929215095441,0.838822273979429,2026-09-17,Biltmore Championship Asheville,current,1.0,0.4059929215095441,0.8347615776791448,0.4059929215095441,0.828973273752799,1,0.85,-0.22235,-0.4673648505458391,0.4059929215095441,0.8248933537174628,0.383558538993044,0.7679739794597071,,,,,,,0.0,0,0.383558538993044,0.85
Max Homa,44320071,8800,62.4,0.07,-0.17,-0.07,0.24,0.07,,,,,0.768,0.103,0.074,0.223,0.369,Statz Golf 2026 full-season SG table (current),True,True,,5,2026-09-28 research build,,,,0.1447921474352771,0.3841693706378814,0.9190687538177844,False,0.2859081277734422,0.2859081277734422,-0.4784240363038702,2026-08-16,FedEx St. Jude Championship,recent,0.85,0.2859081277734422,-0.4810722761141153,0.2859081277734422,-0.4850981001146052,1,0.8125,0.0870499999999999,0.286685999621556,0.3173817027609829,-0.4482215663179322,0.37621312683187,-0.4011718983207916,-15.0,9.0,,,0.7697001500915441,,0.7697001500915441,1,0.4531831418410244,0.8525
Joel Dahmen,44320121,6800,54.6,0.16,0.48,-0.28,-0.45,-0.09,,,,,0.783,0.161,1.041,-0.02,-0.399,Statz Golf 2026 full-season SG table (current),True,True,,5,2026-09-28 research build,,,,0.4078023538890007,0.1491616857252428,0.9353527064498224,False,0.198905684193658,0.198905684193658,0.4628682424840125,2026-09-17,Biltmore Championship Asheville,current,1.0,0.198905684193658,0.4612433392866749,0.198905684193658,0.4584944468238007,1,0.85,0.645,1.646487783237904,0.198905684193658,0.4560111215195708,0.3747653440005354,0.65202669003895,,,,,,,0.0,0,0.37476534400053546,0.85
William Mouw,44320107,7100,55.0,0.1,0.37,-0.22,-0.29,-0.03,,,,,0.34,-0.174,1.205,-0.089,-0.603,Statz Golf 2026 full-season SG table (current),True,True,,5,2026-09-28 research build,,,,0.3506802933209535,0.2372895675674823,0.4544333053836287,False,0.2419082922491019,0.2419082922491019,0.3607929098506229,2026-09-17,Biltmore Championship Asheville,current,1.0,0.2419082922491018,0.3586622031210744,0.2419082922491018,0.3552821630241066,1,0.85,0.58445,1.498919008261706,0.2419082922491018,0.3524672975519018,0.36229757320055,0.4789642542655015,,,,,,,0.0,0,0.36229757320055006,0.85
Billy Horschel,44320087,7600,55.9,-0.12,0.27,-0.28,0.05,-0.08,,,,,1.052,0.555,0.727,-0.239,0.011,Statz Golf 2026 full-season SG table (current),True,True,,5,2026-09-28 research build,,,,0.1710904108700431,0.1638496660322827,1.2273782569843736,False,0.1492748856384945,0.1492748856384945,-0.0239190540506211,2026-09-17,Biltmore Championship Asheville,current,1.0,0.1492748856384945,-0.024960191882303,0.1492748856384945,-0.0269806550125682,1,0.85,0.6496000000000001,1.657698623285642,0.3044953170147659,0.16834050912286,0.354897642501214,0.2064355794999452,-14.0,11.0,,,0.5907001151865339,,0.5907001151865339,1,0.41396765401986746,0.89
David Ford,44320108,7100,57.8,0.31,-0.01,-0.28,0.01,0.03,,,,,-0.352,0.205,-0.589,-0.033,0.066,Statz Golf 2026 full-season SG table (current),True,True,,5,2026-09-28 research build,3.0,-16.0,1.0715594496375245,0.3172846279237613,0.3254174494097218,-0.2967997093743986,True,0.3979984440610119,0.3979984440610119,0.5646512432425785,2026-09-17,Biltmore Championship Asheville,current,1.0,0.397998444061012,0.5606845792606702,0.397998444061012,0.5550136099741432,1,1.0,-0.2317,-0.4901521015124361,0.397998444061012,0.5509953255119967,0.3438108680479503,0.4569831887944268,-16.0,3.0,,,0.9487001849965544,,0.9487001849965544,1,0.33152494158385326,1.0
John Parry,44320092,7500,63.6,-0.08,0.26,0.12,-0.21,0.08,,,,,0.046,0.086,-0.135,0.257,-0.162,Statz Golf 2026 full-season SG table (current),True,True,,5,2026-09-28 research build,,,,0.275759269105982,0.3988573509449213,0.1352678337956806,False,0.3281970953906944,0.3281970953906944,0.262504620730552,2026-09-17,Biltmore Championship Asheville,current,1.0,0.3281970953906943,0.259358971340712,0.3281970953906943,0.2547124737795513,1,0.85,-0.03555,-0.0121072590420594,0.3281970953906943,0.2512323415809417,0.3411185158181594,0.2427979213918008,,,,,,,0.0,0,0.3411185158181595,0.85
Max McGreevy,44320106,7100,51.6,0.1,0.36,0.04,-0.45,0.06,,,,,-0.024,-0.224,0.007,0.186,0.007,Statz Golf 2026 full-season SG table (current),True,True,,5,2026-09-28 research build,,,,0.3946993927095851,0.3694813903308415,0.0592760548461692,False,0.3388377518924433,0.3388377518924433,0.4873856376435027,2026-09-17,Biltmore Championship Asheville,current,1.0,0.3388377518924432,0.4841148311553609,0.3388377518924432,0.4793121610856021,1,0.85,-0.09695,-0.1617476022879484,0.3388377518924432,0.4757499918849716,0.3366779772626627,0.4485020377155726,-14.0,11.0,-15.0,11.0,0.5907001151865339,-0.34163241529796434,0.21776710299273458,2,0.3584546875619362,0.92
Stephan Jaeger,44320085,7700,61.2,-0.23,-0.08,0.26,0.18,0.14,,,,,,,,,,Statz Golf 2026 full-season SG table (current),True,False,,5,2026-09-28 research build,,,,0.0666398199954651,0.4869852327871608,,False,0.3332003563105208,0.3332003563105208,0.163547023646335,,,,0.0,0.3332003563105208,0.1603425251038446,0.3332003563105208,0.1556225948734786,0,0.6,,,0.3332003563105208,0.1521038886896902,0.3332003563105208,0.1278910668199618,-14.0,11.0,-20.0,2.0,0.5907001151865339,1.1037354955780367,0.795914267343135,2,0.4127917830448344,0.67
Denny McCarthy,44320101,7200,59.9,-0.4,0.02,0.0,0.44,0.07,,,,,0.705,-0.34,0.226,-0.113,0.932,Statz Golf 2026 full-season SG table (current),True,True,,5,2026-09-28 research build,,,,-0.0171167757851604,0.3841693706378814,0.850676152763224,False,0.2454308969683328,0.2454308969683328,0.3126475337475635,2026-09-17,Biltmore Championship Asheville,current,1.0,0.2454308969683328,0.3104753935796694,0.2454308969683328,0.307043652347935,1,0.85,-0.0287,0.0045871440725063,0.2454308969683328,0.3042016284076016,0.3307278694482805,0.3886812378885367,,,,,,,0.0,0,0.33072786944828053,0.85
Max Greyserman,44320081,7900,59.8,-0.09,-0.15,0.03,0.3,0.11,,,,,0.247,0.139,-0.419,-0.056,0.583,Statz Golf 2026 full-season SG table (current),True,True,,5,2026-09-28 research build,,,,0.082485607387948,0.442921291866041,0.353472799064992,False,0.3085202415599137,0.3085202415599137,0.0258220640899893,2026-09-17,Biltmore Championship Asheville,current,1.0,0.3085202415599137,0.022907856992151,0.3085202415599137,0.0185501558622601,1,0.85,-0.1679,-0.334662624328597,0.2387497530093464,-0.0735179996144402,0.327134390249983,0.0151865076322787,,,,,,,0.0,0,0.3271343902499831,0.85
Patrick Fishburn,44320113,7000,56.0,0.25,-0.13,-0.07,0.02,0.08,,,,,,,,,,Statz Golf 2026 full-season SG table (current),True,False,,5,2026-09-28 research build,,,,0.2569441028716266,0.3988573509449213,,False,0.3234933038321055,0.3234933038321055,0.5200913383207679,,,,0.0,0.3234933038321055,0.5170010156772046,0.3234933038321055,0.5124235554848854,0,0.6,,,0.3234933038321055,0.5089796884319024,0.3234933038321055,0.485571196520165,,,,,,,0.0,0,0.3234933038321055,0.6
Emiliano Grillo,44320095,7400,55.5,0.1,0.09,-0.09,-0.23,-0.14,,,,,1.449,0.157,0.584,-0.053,0.76,Statz Golf 2026 full-season SG table (current),True,True,,5,2026-09-28 research build,,,,0.1905885836036156,0.0757217841900432,1.6583602033123173,False,0.096866305624432,0.096866305624432,0.0131258007350939,2026-09-17,Biltmore Championship Asheville,current,1.0,0.0968663056244319,0.0127011009774724,0.0968663056244319,0.0114498365720713,1,0.85,0.39185,1.0295260097412136,0.0968663056244319,0.0097532112900182,0.3141786264427244,0.2635118508703816,,,,,,,0.0,0,0.31417862644272443,0.85
Hao-Tong Li,44320089,7500,54.2,0.34,0.17,-0.41,-0.1,0.02,,,,,,,,,,Statz Golf 2026 full-season SG table (current),True,False,,5,2026-09-28 research build,,,,0.3962625395789554,0.3107294691026818,,False,0.301039789811482,0.301039789811482,0.2270363801623353,,,,0.0,0.301039789811482,0.2242101593306327,0.301039789811482,0.2199622485050155,0,0.6,,,0.301039789811482,0.2166914928549601,0.301039789811482,0.1951435074181918,,,,,,,0.0,0,0.30103978981148205,0.6
Marco Penge,44320065,9400,63.9,0.56,-0.2,-0.07,-0.33,-0.04,,,,,-0.126,0.438,-0.044,0.104,-0.623,Statz Golf 2026 full-season SG table (current),True,True,,5,2026-09-28 research build,,,,0.3400875527145969,0.2226015872604423,-0.0514548230516902,False,0.2297129198979367,0.2297129198979367,-0.8682926415238844,2026-09-17,Biltmore Championship Asheville,current,1.0,0.2297129198979367,-0.8702799043394294,0.2297129198979367,-0.8734809534227261,1,0.85,0.1729,0.4959143948603112,0.2297129198979367,-0.8762017953930866,0.2493631573357832,-0.8684750811751856,,,,,,,0.0,0,0.24936315733578326,0.85
Pierceson Coody,44320084,7700,59.2,0.33,-0.08,-0.31,0.08,0.01,,,,,-0.836,-0.226,-0.681,0.153,-0.081,Statz Golf 2026 full-season SG table (current),True,True,,5,2026-09-28 research build,3.0,-16.0,1.0715594496375245,0.2907794722830831,0.2960414887956419,-0.8222285809681634,True,0.3722777807516904,0.3722777807516904,0.2145832903637017,2026-09-17,Biltmore Championship Asheville,current,1.0,0.3722777807516905,0.2109191569244963,0.1537670954404162,-0.0739784684129161,1,1.0,-0.47625,-1.086154478398139,0.1118858306809992,-0.1293817516414012,0.2357471987349672,0.0120172959479275,-16.0,3.0,,,0.9487001849965544,,0.9487001849965544,1,0.22346127227087015,1.0
Hayden Springer,44320110,7100,65.6,-0.13,-0.09,-0.09,0.3,-0.01,,,,,,,,,,Statz Golf 2026 full-season SG table (current),True,False,,5,2026-09-28 research build,20.0,-12.0,0.4121382498605862,0.0409831055260565,0.2666655281815621,,True,0.2247921946855881,0.2247921946855881,0.3384387825532351,,,,0.0,0.2247921946855881,0.3365093980921901,0.2247921946855881,0.3333805703046757,0,0.75,,,0.2247921946855881,0.3306976659882679,0.2247921946855881,0.315467584479689,-12.0,20.0,,,0.23270004537651343,,0.23270004537651343,1,0.20684837423718086,0.79
David Skinns,44320141,6500,60.5,-0.21,0.04,0.18,-0.02,0.0,,,,,,,,,,Statz Golf 2026 full-season SG table (current),True,False,,5,2026-09-28 research build,,,,0.0677828196403197,0.281353508488602,,False,0.1998254854276712,0.1998254854276712,0.6223075346777571,,,,0.0,0.1998254854276712,0.6206718126316536,0.1998254854276712,0.6179094202812391,0,0.6,,,0.1998254854276712,0.6154190035221088,0.1998254854276712,0.6022576727752307,,,,,,,0.0,0,0.19982548542767126,0.6
Adrien Dumont De Chassart,44320125,6800,54.2,-0.4,-0.2,0.47,0.18,0.04,,,,,,,,,,Statz Golf 2026 full-season SG table (current),True,False,,5,2026-09-28 research build,,,,-0.1029848060653912,0.3401054297167617,,False,0.1953223277995473,0.1953223277995473,0.4581882735431592,,,,0.0,0.1953223277995473,0.4566055183550534,0.1953223277995473,0.453909218676955,0,0.6,,,0.1953223277995473,0.4514535202222242,0.1953223277995473,0.4386653227816622,,,,,,,0.0,0,0.19532232779954734,0.6
Neal Shipley,44320080,7900,49.7,0.74,-0.24,-0.38,-0.27,-0.14,,,,,-0.01,0.892,-0.054,-0.3,-0.549,Statz Golf 2026 full-season SG table (current),True,True,,5,2026-09-28 research build,,,,0.3571872177776605,0.0757217841900432,0.0744744106360715,False,0.1385159641679432,0.1385159641679432,-0.1962085269263649,2026-09-17,Biltmore Championship Asheville,current,1.0,0.1385159641679432,-0.1971231166083259,0.1385159641679432,-0.1989856714595681,1,0.85,0.3717,0.9804176560538412,0.1385159641679432,-0.2010034059815958,0.1949842880342424,-0.1419426305692306,,,,,,,0.0,0,0.19498428803424242,0.85
Steven Fisk,44320102,7200,56.7,0.12,-0.23,0.0,0.14,0.01,,,,,-0.427,0.412,-0.427,0.172,-0.583,Statz Golf 2026 full-season SG table (current),True,True,,5,2026-09-28 research build,,,,0.1292738255301998,0.2960414887956419,-0.3782194725345895,False,0.2247454240997172,0.2247454240997172,0.2856316972231562,2026-09-17,Biltmore Championship Asheville,current,1.0,0.2247454240997172,0.2837028628851992,0.2247454240997172,0.2805747215477853,1,0.85,-0.04945,-0.0459834930993535,0.2247454240997172,0.2778921778217834,0.1846243021912905,0.2149611481849463,,,,,,,0.0,0,0.18462430219129058,0.85
Davis Chatfield,44320124,6800,52.3,-0.32,0.21,0.03,0.05,-0.02,,,,,,,,,,Statz Golf 2026 full-season SG table (current),True,False,,5,2026-09-28 research build,,,,0.0726075234840569,0.2519775478745222,,False,0.1819372869894537,0.1819372869894537,0.440707016204022,,,,0.0,0.1819372869894536,0.4392816980000126,0.1819372869894536,0.4367818500540659,0,0.6,,,0.1819372869894536,0.4344293471700039,0.1819372869894536,0.4227502391607012,,,,,,,0.0,0,0.18193728698945366,0.6
Kevin Streelman,44320140,6500,53.9,0.0,-0.07,-0.02,0.05,-0.03,,,,,,,,,,Statz Golf 2026 full-season SG table (current),True,False,,5,2026-09-28 research build,,,,0.107651244629298,0.2372895675674823,,False,0.181151030076188,0.181151030076188,0.5979181462329098,,,,0.0,0.181151030076188,0.5965020761080737,0.181151030076188,0.5940137680247781,0,0.6,,,0.181151030076188,0.5916673269997728,0.181151030076188,0.5800533685290579,,,,,,,0.0,0,0.181151030076188,0.6
Paul Peterson,44320144,6400,62.6,-0.35,0.26,0.22,-0.15,-0.01,,,,,,,,,,Statz Golf 2026 full-season SG table (current),True,False,,5,2026-09-28 research build,51.0,-6.0,-0.5769935498048208,0.0908464791925505,0.2666655281815621,,True,0.138344858135671,0.138344858135671,0.5947580270791493,,,,0.0,0.1383448581356709,0.5938454499736208,0.1383448581356709,0.5919854064390713,0,0.75,,,0.1383448581356709,0.5899689911050011,0.1383448581356709,0.5819019678708299,-6.0,51.0,,,-0.841300164053548,,-0.841300164053548,1,0.11191419671079819,0.79
Taylor Moore,44320116,6900,57.8,0.33,-0.45,0.11,0.13,0.12,,,,,-0.592,0.246,-0.363,-0.04,-0.434,Statz Golf 2026 full-season SG table (current),True,True,,5,2026-09-28 research build,63.0,0.0,-1.5661253494702276,0.1829221965952673,0.457609272173081,-0.5573429514870093,True,0.1865640411142967,0.1865640411142967,0.3940036917296587,2026-09-17,Biltmore Championship Asheville,current,1.0,0.1865640411142967,0.3925239529059512,0.1865640411142967,0.3899561982666323,1,1.0,-0.08895,-0.1422504891614482,0.1865640411142967,0.3875680241777506,0.1237172215075233,0.3007794049074874,0.0,63.0,,,-1.9153003734836094,,-1.9153003734836094,1,0.08879971910618518,1.0
Taylor Pendrith,44320093,7400,57.7,0.28,-0.09,-0.02,-0.35,-0.18,,,,,0.193,0.308,0.199,-0.034,-0.28,Statz Golf 2026 full-season SG table (current),True,True,,5,2026-09-28 research build,,,,0.1846887515243888,0.0169698629618836,0.2948505695896546,False,0.0572025988063215,0.0572025988063215,-0.038676168026078,2026-09-17,Biltmore Championship Asheville,current,1.0,0.0572025988063215,-0.0386343369401909,0.0572025988063215,-0.0393034586372857,1,0.85,0.24805,0.6790654012923725,0.0572025988063215,-0.0406942859081105,0.1206409258299056,0.0333916194297151,,,,,,,0.0,0,0.12064092582990563,0.85
C.T. Pan,44320162,6100,24.5,0.595,0.019,,-1.548,-0.104,322.5,82.14,80.56,PGA Tour 2026 player stats,,,,,,PGA Tour 2026 player stats,True,False,,4,2026-09-28 research build,,,,,0.1285985132953869,,False,0.0835890336420015,0.0835890336420015,0.6814833130422097,,,,0.0,0.0835890336420014,0.6812147826745513,0.0835890336420014,0.680158388282339,0,0.48,,,0.0835890336420014,0.6785641276982046,0.0835890336420014,0.6750341923300651,,,,,,,0.0,0,0.08358903364200149,0.48
Austin Smotherman,44320112,7000,57.7,0.21,0.55,-0.44,-0.48,-0.17,,,,,-1.022,-0.149,0.753,-0.341,-1.285,Statz Golf 2026 full-season SG table (current),True,True,,5,2026-09-28 research build,,,,0.4293176626794295,0.0316578432689235,-1.0241495936054368,False,0.1279070137946577,0.1279070137946577,0.2646498856825786,2026-09-17,Biltmore Championship Asheville,current,1.0,0.1279070137946576,0.2638600801663812,0.1279070137946576,0.262153232474102,1,0.85,0.3471,0.9204640331898531,0.1279070137946576,0.2602172905071739,0.0715152560936066,0.1859642130748421,,,,,,,0.0,0,0.07151525609360665,0.85
Chad Ramey,44320119,6900,59.6,-0.14,-0.3,0.05,0.31,-0.08,,,,,-0.123,-0.24,-0.315,0.406,0.026,Statz Golf 2026 full-season SG table (current),True,True,,5,2026-09-28 research build,,,,-0.0838071927378329,0.1638496660322827,-0.0481980325252826,False,0.0855504847365255,0.0855504847365255,0.2620770133702139,2026-09-17,Biltmore Championship Asheville,current,1.0,0.0855504847365255,0.2617854121020512,0.0855504847365255,0.2607002295671268,1,0.85,-0.28125,-0.6109123459396966,0.0855504847365255,0.2590908466484466,0.0501850641870124,0.2133481860423878,,,,,,,0.0,0,0.050185064187012456,0.85
Matthew McCarty,44320069,9000,59.1,-0.18,0.0,-0.2,0.3,-0.08,,,,,-0.317,-0.376,-0.379,-0.369,0.807,Statz Golf 2026 full-season SG table (current),True,True,,5,2026-09-28 research build,,,,0.0210771659308291,0.1638496660322827,-0.2588038198996429,False,0.111771574403691,0.0401692553794687,-0.9048582410736888,2026-10-01,Bank of Utah Championship,current,1.0,-0.039405539845662,-1.007607114818047,-0.0174851726373753,-0.9788092329176532,1,0.85,-0.37765,-0.845852559114024,-0.0642320138673083,-1.0390806328164384,0.0435985644580255,-0.9021493279740324,-16.0,3.0,-23.0,1.0,0.9487001849965544,1.9709562421036373,1.3576026078393877,2,0.1793588252419643,0.92
Takumi Kanaya,44320127,6700,51.5,-0.01,-0.62,0.26,0.31,-0.06,,,,,-0.275,-0.05,-0.387,0.513,-0.351,Statz Golf 2026 full-season SG table (current),True,True,,5,2026-09-28 research build,,,,-0.1435003892855831,0.1932256266463625,-0.2132087525299361,False,0.0897215599987399,0.0292244750920114,0.294005589733659,2026-10-01,Bank of Utah Championship,current,1.0,-0.0525000693444455,0.1886031001767465,-0.0323123249857778,0.2153761225632506,1,0.85,-0.23535,-0.4990476593764018,-0.0604336811519431,0.1789084287476661,0.0434483017769261,0.3108300427312645,,,,,,,0.0,0,0.04344830177692617,0.85
Patrick Rodgers,44320111,7000,59.0,-0.16,-0.26,0.0,0.24,-0.18,,,,,,,,,,Statz Golf 2026 full-season SG table (current),True,False,,5,2026-09-28 research build,27.0,-11.0,0.2472829499163517,-0.1212464125614287,0.0169698629618836,,True,0.0054471027765023,0.0054471027765023,0.1047136368052583,,,,0.0,0.0054471027765023,0.1053642242872564,0.0054471027765023,0.1054547160263617,0,0.75,,,0.0054471027765023,0.1044629116665478,0.0054471027765023,0.1074078455864992,-11.0,27.0,-15.0,11.0,0.0537000104715032,-0.34163241529796434,-0.10443295983628381,2,-0.02972448819876122,0.8200000000000001
Bowen Mauss,44320171,6000,0.0,,,,,,,,,,,,,,,,False,False,No comparable current PGA Tour SG sample located; do not treat missing values as average.,0,2026-09-28 research build,,,,,,,False,0.0,0.0,0.6250595759028788,,,,0.0,0.0,0.625774233076211,0.0,0.6259446717344802,0,0.0,,,0.0,0.6249948632779654,0.0,0.6283911461482947,,,,,,,0.0,0,0.0,0.0
Boston Bracken,44320160,6200,0.0,,,,,,,,,,,,,,,,False,False,No comparable current PGA Tour SG sample located; do not treat missing values as average.,0,2026-09-28 research build,,,,,,,False,0.0,0.0,0.5195675727667669,,,,0.0,0.0,0.5202822299400992,0.0,0.5204526685983684,0,0.0,,,0.0,0.5195028601418535,0.0,0.5228991430121829,,,,,,,0.0,0,0.0,0.0
Zach J. Johnson,44320172,6000,0.0,,,,,,,,,,,,,,,,False,False,No comparable current PGA Tour SG sample located; do not treat missing values as average.,0,2026-09-28 research build,,,,,,,False,0.0,0.0,0.6250595759028788,,,,0.0,0.0,0.625774233076211,0.0,0.6259446717344802,0,0.0,,,0.0,0.6249948632779654,0.0,0.6283911461482947,,,,,,,0.0,0,0.0,0.0
Trace Crowe,44320117,6900,63.6,0.24,0.0,-0.33,-0.18,-0.27,,,,,-0.235,0.337,0.28,-0.681,-0.17,Statz Golf 2026 full-season SG table (current),True,True,,5,2026-09-28 research build,,,,0.1539205975748352,-0.1152219598014756,-0.1697848788445009,False,-0.0364141244772503,-0.0364141244772503,0.1027876432305637,2026-09-17,Biltmore Championship Asheville,current,1.0,-0.0364141244772503,0.1039306091418034,-0.0364141244772503,0.1046354965126199,1,0.85,0.30565,0.819444615803174,-0.0364141244772503,0.1039664325386322,-0.0124203815715417,0.138909047715401,,,,,,,0.0,0,-0.012420381571541739,0.85
David Lipsky,44320146,6400,54.3,-0.34,-0.11,0.14,0.08,-0.23,,,,,-0.098,-0.292,-0.425,0.134,0.486,Statz Golf 2026 full-season SG table (current),True,True,,5,2026-09-28 research build,,,,-0.1641527160185693,-0.0564700385733159,-0.0210581114718857,False,-0.0777437040772977,-0.0777437040772977,0.3125400034149651,2026-09-17,Biltmore Championship Asheville,current,1.0,-0.0777437040772976,0.3141690944309784,-0.0777437040772976,0.3154805744612221,1,0.85,-0.36515,-0.8153883198538673,-0.0777437040772976,0.3151301519925417,-0.1206189312171796,0.2739887966802298,,,,,,,0.0,0,-0.12061893121717959,0.85
Jesper Svensson,44320114,7000,52.6,0.39,-0.39,0.0,-0.31,-0.32,,,,,-0.557,0.196,-0.234,0.038,-0.556,Statz Golf 2026 full-season SG table (current),True,True,,5,2026-09-28 research build,,,,0.0517556825390443,-0.1886618613366751,-0.5193470620122537,False,-0.1096912892340777,-0.1096912892340777,-0.0456604927105511,2026-09-17,Biltmore Championship Asheville,current,1.0,-0.1096912892340777,-0.0436556291042551,-0.1096912892340777,-0.0418752555882789,1,0.85,-0.0405,-0.0241710977890814,-0.1096912892340777,-0.0419793695601442,-0.1628345503247572,-0.0926824357192138,-13.0,15.0,,,0.41170008028152366,,0.41170008028152366,1,-0.12166454229660481,0.89
Tony Finau,44320104,7200,62.7,-0.18,-0.15,0.3,-0.25,-0.27,,,,,-0.695,0.008,-0.13,0.236,-0.808,Statz Golf 2026 full-season SG table (current),True,True,,5,2026-09-28 research build,,,,-0.1140893703685447,-0.1152219598014756,-0.6691594262270046,False,-0.1034166164630953,-0.1034166164630953,-0.1429575884881658,2026-09-17,Biltmore Championship Asheville,current,1.0,-0.1034166164630953,-0.1410265285834253,-0.1034166164630953,-0.1393382481997775,1,0.85,-0.0679,-0.0909487102473446,-0.2868546593874311,-0.372802017166972,-0.174879994598163,-0.2124967151623441,,,,,,,0.0,0,-0.17487999459816303,0.85
Erik Van Rooyen,44320138,6500,50.1,-0.14,-0.42,-0.04,0.3,-0.31,,,,,0.113,-0.208,-0.338,0.285,0.373,Statz Golf 2026 full-season SG table (current),True,True,,5,2026-09-28 research build,,,,-0.2361099888508885,-0.1739738810296352,0.2080028222187844,False,-0.172110519881985,-0.172110519881985,0.1365481623487802,2026-09-17,Biltmore Championship Asheville,current,1.0,-0.172110519881985,0.1392872108979731,-0.172110519881985,0.1419837090753784,1,0.85,-0.2795,-0.6066473524432748,-0.172110519881985,0.1423608329434876,-0.1816426052822703,0.1486844152474069,,,,,,,0.0,0,-0.1816426052822703,0.85
Tom Hoge,44320122,6800,58.8,-0.45,0.31,-0.22,-0.14,-0.48,,,,,0.623,-0.229,0.989,-0.105,-0.032,Statz Golf 2026 full-season SG table (current),True,True,,5,2026-09-28 research build,,,,-0.1623831166362599,-0.4236695462493137,0.7616572117080821,False,-0.3159809842211189,-0.3159809842211189,-0.2095889041734869,2026-09-17,Biltmore Championship Asheville,current,1.0,-0.3159809842211188,-0.2051576282842751,-0.3159809842211188,-0.2003495488030912,1,0.85,0.4409,1.149067684598068,-0.3159809842211188,-0.1988632169108523,-0.1823618788204072,-0.0104088202078812,,,,,,,0.0,0,-0.18236187882040725,0.85
Hank Lebioda,44320152,6300,51.5,-0.19,0.16,0.01,-0.36,-0.39,,,,,-0.205,-0.223,0.303,0.067,-0.352,Statz Golf 2026 full-season SG table (current),True,True,,5,2026-09-28 research build,,,,-0.0336361302488767,-0.2914777234859546,-0.1372169735804246,False,-0.1978695528280896,-0.1978695528280896,0.2083981101391512,2026-09-17,Biltmore Championship Asheville,current,1.0,-0.1978695528280896,0.2114401405408325,-0.1978695528280896,0.2145147030598125,1,0.85,0.0663,0.2361153624496962,-0.1978695528280896,0.2150904231176878,-0.1997854820636473,0.2326041717839668,,,,,,,0.0,0,-0.1997854820636473,0.85
Aldrich Potgieter,44320109,7100,53.2,0.45,-0.31,-0.46,-0.1,-0.42,,,,,,,,,,Statz Golf 2026 full-season SG table (current),True,False,,5,2026-09-28 research build,,,,0.0545541878310122,-0.3355416644070743,,False,-0.2044635349068452,-0.2044635349068452,-0.2221818371198662,,,,0.0,-0.2044635349068452,-0.2190622472496415,-0.2044635349068452,-0.2158909051078326,0,0.6,,,-0.2044635349068452,-0.2152643469723413,-0.2044635349068452,-0.194926139989828,,,,,,,0.0,0,-0.20446353490684524,0.6
Aaron Wise,44320148,6400,44.7,-0.23,0.04,0.25,-0.45,-0.38,,,,,-0.5,-0.035,0.119,0.26,-0.843,Statz Golf 2026 full-season SG table (current),True,True,,5,2026-09-28 research build,,,,-0.1039632373810936,-0.2767897431789146,-0.4574680420105085,False,-0.2059041424115679,-0.3258935529477278,-0.0115510044735391,2026-10-01,Bank of Utah Championship,current,1.0,-0.3961015837520797,-0.0978710923974871,-0.3666319312704532,-0.0541780039585673,1,0.85,0.0497,0.1956588527122083,-0.3462295204881988,-0.0263517355485863,-0.2418680039770083,0.1298212024745046,,,,,,,0.0,0,-0.2418680039770083,0.85
Isaiah Salinda,44320128,6700,51.5,0.38,-0.02,-0.35,-0.46,-0.45,,,,,-0.443,0.318,0.104,-0.513,-0.352,Statz Golf 2026 full-season SG table (current),True,True,,5,2026-09-28 research build,42.0,-8.0,-0.2472829499163517,0.139743648785868,-0.379605605328194,-0.3955890220087635,True,-0.2365360262584943,-0.2365360262584943,-0.0530854487324259,2026-09-17,Biltmore Championship Asheville,current,1.0,-0.2365360262584943,-0.0495886171053395,-0.2365360262584943,-0.0459465482343522,1,1.0,0.2003,0.5626920073185744,-0.2365360262584943,-0.0450727186041556,-0.2479603280934419,-0.0356606985415757,-8.0,42.0,,,-0.4833000942435275,,-0.4833000942435275,1,-0.27156204252615945,1.0
Matthieu Pavon,44320129,6700,54.2,0.19,-0.5,0.0,0.05,-0.28,,,,,-1.41,0.937,-1.292,-0.093,-0.962,Statz Golf 2026 full-season SG table (current),True,True,,5,2026-09-28 research build,,,,-0.0808213515955623,-0.1299099401085155,-1.445361168354157,False,-0.1046467989694256,-0.1046467989694256,0.119165764783601,2026-09-17,Biltmore Championship Asheville,current,1.0,-0.1046467989694256,0.1211112942911193,-0.1046467989694256,0.1228176300163726,1,0.85,-0.2889500000000001,-0.6296783173239533,-0.1046467989694256,0.1226746241906102,-0.280666831671039,-0.0745493912823694,,,,,,,0.0,0,-0.280666831671039,0.85
John VanDerLaan,44320123,6800,50.5,0.1,-0.39,0.0,-0.17,-0.45,,,,,-0.121,0.627,-0.476,0.124,-0.396,Statz Golf 2026 full-season SG table (current),True,True,,5,2026-09-28 research build,,,,-0.1646018237378941,-0.379605605328194,-0.0460268388410109,False,-0.2878940993977996,-0.2878940993977996,-0.1729066057466569,2026-09-17,Biltmore Championship Asheville,current,1.0,-0.2878940993977996,-0.1688056922748622,-0.2878940993977996,-0.1644098429282423,1,0.85,0.0203499999999999,0.1241288189293606,-0.2878940993977996,-0.1631400544256556,-0.2862903423354327,-0.1339818605076402,,,,,,,0.0,0,-0.28629034233543266,0.85
Pontus Nyholm,44320139,6500,54.3,-0.01,-0.38,-0.05,0.05,-0.39,,,,,-0.495,0.623,-0.744,-0.235,-0.138,Statz Golf 2026 full-season SG table (current),True,True,,5,2026-09-28 research build,,,,-0.1892979792951548,-0.2914777234859546,-0.4520400577998291,False,-0.2367850150896592,-0.2367850150896592,0.052081367660222,2026-09-17,Biltmore Championship Asheville,current,1.0,-0.2367850150896591,0.0555811279336391,-0.2367850150896591,0.0592268512041804,1,0.85,-0.12885,-0.239492340879868,-0.2367850150896591,0.0601026004807112,-0.2939636379136355,0.0151324409140276,,,,,,,0.0,0,-0.2939636379136355,0.85
Justin Lower,44320130,6700,51.6,-0.12,-0.32,-0.02,-0.12,-0.56,,,,,-0.142,-0.287,-0.123,-0.0,0.268,Statz Golf 2026 full-season SG table (current),True,True,,5,2026-09-28 research build,3.0,-16.0,1.0715594496375245,-0.3006272918851384,-0.5411733887056331,-0.0688243725258643,True,-0.3197635806661937,-0.3197635806661937,-0.1617830849182556,2026-09-17,Biltmore Championship Asheville,current,1.0,-0.3197635806661937,-0.157307317526566,-0.3197635806661937,-0.1524437210219969,1,1.0,-0.1967999999999999,-0.4050959454980789,-0.3197635806661937,-0.1509282261855206,-0.3469008151936841,-0.1533029342314007,-16.0,3.0,,,0.9487001849965544,,0.9487001849965544,1,-0.3591867416577811,1.0
Luke Clanton,44320133,6600,44.3,-0.36,0.32,-0.14,-0.4,-0.58,,,,,0.36,0.023,0.652,0.146,-0.461,Statz Golf 2026 full-season SG table (current),True,True,,5,2026-09-28 research build,56.0,-5.0,-0.7418488497490552,-0.1423306028271099,-0.5705493493197128,0.4761452422263462,True,-0.4806246127394963,-0.4806246127394963,-0.3191263268130996,2026-09-17,Biltmore Championship Asheville,current,1.0,-0.4806246127394963,-0.3127584863147546,-0.4806246127394963,-0.3055339385934589,1,1.0,0.36895,0.9737155234166068,-0.4806246127394963,-0.3027782423830236,-0.3843243123460313,-0.1450542259490895,-5.0,56.0,,,-1.0203001989585583,,-1.0203001989585583,1,-0.4121694472669816,1.0
Gordon Sargent,44320120,6900,50.0,0.5,-1.15,0.23,-0.18,-0.59,,,,,0.761,0.729,-0.825,0.671,0.187,Statz Golf 2026 full-season SG table (current),True,True,,5,2026-09-28 research build,,,,-0.3495559050218046,-0.5852373296267528,0.9114695759228332,False,-0.4677932405128405,-0.4677932405128405,-0.4606061816475055,2026-09-17,Biltmore Championship Asheville,current,1.0,-0.4677932405128405,-0.4543892657951026,-0.4677932405128405,-0.4473530436333307,1,0.85,-0.1256999999999999,-0.2318153525863084,-0.4677932405128405,-0.4446962743367674,-0.3882370505498725,-0.3079445553330673,,,,,,,0.0,0,-0.3882370505498726,0.85
Dylan Wu,44320149,6400,50.3,-0.31,0.05,-0.08,-0.13,-0.47,,,,,-0.63,-0.684,-0.074,-0.052,0.18,Statz Golf 2026 full-season SG table (current),True,True,,5,2026-09-28 research build,,,,-0.1881194542268301,-0.4089815659422738,-0.5985956314881726,False,-0.3128678814191855,-0.3128678814191855,0.0054609060044482,2026-09-17,Biltmore Championship Asheville,current,1.0,-0.3128678814191855,0.0098555650821558,-0.3128678814191855,0.0146179536725548,1,0.85,-0.3485,-0.774809953159339,-0.3128678814191855,0.0160802842617903,-0.4114679422259697,-0.0718365464736025,,,,,,,0.0,0,-0.4114679422259697,0.85
Brice Garnett,44320150,6300,44.6,-0.24,-0.13,-0.1,0.02,-0.46,,,,,-1.009,-0.093,-0.349,-0.181,-0.385,Statz Golf 2026 full-season SG table (current),True,True,,5,2026-09-28 research build,,,,-0.2247130574571495,-0.394293585635234,-1.0100368346576702,False,-0.3124690950271894,-0.3124690950271894,0.0587277343402919,2026-09-17,Biltmore Championship Asheville,current,1.0,-0.3124690950271894,0.063117702828875,-0.3124690950271894,0.0678742384466475,1,0.85,-0.2338,-0.4952700937081424,-0.3124690950271894,0.069333494484981,-0.4382362831783636,-0.050918642458337,,,,,,,0.0,0,-0.4382362831783636,0.85
Lucas Glover,44320118,6900,51.1,-0.07,0.17,-0.16,-0.71,-0.77,,,,,0.568,-0.08,1.08,0.016,-0.448,Statz Golf 2026 full-season SG table (current),True,True,,5,2026-09-28 research build,,,,-0.140934232937561,-0.8496209751534712,0.7019493853906087,False,-0.5874871920841466,-0.5874871920841466,-0.6169300060603798,2026-09-17,Biltmore Championship Asheville,current,1.0,-0.5874871920841466,-0.6093052308657951,-0.5874871920841466,-0.6005122651536753,1,0.85,0.558,1.4344566779872143,-0.5874871920841466,-0.5969326831579762,-0.4455694196457249,-0.3761138991022854,,,-19.0,3.0,,0.8146619134028364,0.8146619134028364,1,-0.3641032283054413,0.89
Mark Hubbard,44320135,6600,52.9,-0.1,0.12,0.02,-0.61,-0.57,,,,,-1.265,-0.062,,,-1.027,Statz Golf 2026 full-season SG table (current),True,True,,5,2026-09-28 research build,,,,-0.0861637122721048,-0.5558613690126729,-1.2879496262444547,False,-0.3828508179262636,-0.3828508179262636,-0.1914308724320257,2026-07-19,Corales Puntacana Championship,older_snapshot,0.55,-0.3828508179262636,-0.1862130628971615,-0.3828508179262636,-0.1804235374236596,1,0.7375,,,-0.3828508179262636,-0.1784216545706402,-0.4536880473697086,-0.2275291065883424,,,,,,,0.0,0,-0.45368804736970864,0.7375
Ben Martin,44320147,6400,51.3,-0.08,0.2,-0.09,-0.71,-0.68,,,,,-0.383,-0.177,0.769,0.176,-1.152,Statz Golf 2026 full-season SG table (current),True,True,,5,2026-09-28 research build,,,,-0.0912190997352362,-0.7174291523901121,-0.3304532114806108,False,-0.4891337239873819,-0.4891337239873819,-0.2247474734657776,2026-09-17,Biltmore Championship Asheville,current,1.0,-0.4891337239873819,-0.2182795474442568,-0.4891337239873819,-0.2109301118225477,1,0.85,0.3433,0.9112029044547656,-0.4891337239873819,-0.208108812331288,-0.4766188999127047,-0.1493023498492757,,,,,,,0.0,0,-0.47661889991270473,0.85
Jimmy Stanger,44320154,6300,48.1,0.4,-0.98,-0.1,0.17,-0.5,,,,,-1.081,0.397,-0.553,-0.536,-0.39,Statz Golf 2026 full-season SG table (current),True,True,,5,2026-09-28 research build,,,,-0.2987759139512571,-0.4530455068633935,-1.0881998072914534,False,-0.3691735579490201,-0.3691735579490201,-0.0153299635538061,2026-09-17,Biltmore Championship Asheville,current,1.0,-0.36917355794902,-0.0102730281314732,-0.36917355794902,-0.0046842432796656,1,0.85,-0.1255,-0.231327924758146,-0.36917355794902,-0.0027878089395466,-0.4895599349160727,-0.1119435000383569,,,,,,,0.0,0,-0.4895599349160727,0.85
Chandler Blanchet,44320132,6600,49.5,0.09,0.06,-0.5,-0.4,-0.75,,,,,-0.258,0.589,-0.163,-0.474,-0.21,Statz Golf 2026 full-season SG table (current),True,True,,5,2026-09-28 research build,,,,-0.1108742874380021,-0.8202450145393914,-0.1947536062136261,False,-0.5608778313101049,-0.5608778313101049,-0.4239393928344519,2026-09-17,Biltmore Championship Asheville,current,1.0,-0.5608778313101049,-0.4166276011838426,-0.5608778313101049,-0.4082251800423132,1,0.85,0.1754,0.5020072427123425,-0.5608778313101049,-0.4048507500673788,-0.5552528297958504,-0.3482916823765175,,,,,,,0.0,0,-0.5552528297958503,0.85
Adam Svensson,44320143,6500,50.8,-0.37,0.08,0.03,-0.31,-0.57,,,,,-1.63,-0.757,-0.632,-0.363,0.121,Statz Golf 2026 full-season SG table (current),True,True,,5,2026-09-28 research build,56.0,-5.0,-0.7418488497490552,-0.2450093670986229,-0.5558613690126729,-1.68419247362405,True,-0.4967471166077987,-0.4967471166077987,-0.2874367899261595,2026-09-17,Biltmore Championship Asheville,current,1.0,-0.4967471166077987,-0.2808793139667708,-0.4967471166077987,-0.2734181368726933,1,1.0,-0.68825,-1.602827976250394,-0.4967471166077987,-0.2705381398841799,-0.7453077627827234,-0.5215248312628448,-5.0,56.0,,,-1.0203001989585583,,-1.0203001989585583,1,-0.7731528977036737,1.0
Peter Malnati,44320155,6300,53.9,-0.66,-0.44,0.16,0.33,-0.61,,,,,-1.088,-0.751,-0.668,-0.106,0.437,Statz Golf 2026 full-season SG table (current),True,True,,5,2026-09-28 research build,,,,-0.643303585083045,-0.6146132902408326,-1.0957989851864045,False,-0.5603245349273024,-0.5603245349273024,-0.2649787667658957,2026-09-17,Biltmore Championship Asheville,current,1.0,-0.5603245349273024,-0.2576734830755576,-0.5603245349273024,-0.2492791826438817,1,0.85,-0.7053500000000001,-1.6445030555582885,-0.5603245349273024,-0.2459090184561632,-0.7521295862238573,-0.4241441138563368,,,,,,,0.0,0,-0.7521295862238573,0.85
Vince Whaley,44320142,6500,47.2,-0.59,-0.62,0.01,0.6,-0.61,,,,,-1.252,-1.241,-0.678,0.588,0.079,Statz Golf 2026 full-season SG table (current),True,True,,5,2026-09-28 research build,,,,-0.6890629645620537,-0.6146132902408326,-1.2738368672966884,False,-0.5717643797970546,-0.5717643797970546,-0.38541154407859,2026-09-17,Biltmore Championship Asheville,current,1.0,-0.5717643797970546,-0.3779717031089443,-0.5717643797970546,-0.3694095005115525,1,0.85,-0.93135,-2.195296501381919,-0.5717643797970546,-0.3659511377642296,-0.8089128915958195,-0.5971526129143626,,,,,,,0.0,0,-0.8089128915958195,0.85
Jeffrey Kang,44320163,6100,39.9,-0.34,-0.13,0.09,-0.48,-0.86,,,,,-0.835,0.054,-0.323,0.148,-0.715,Statz Golf 2026 full-season SG table (current),True,True,,5,2026-09-28 research build,,,,-0.4467565293539004,-0.9818127979168304,-0.8211429841260275,False,-0.7498674509844149,-0.7498674509844149,-0.4070353919392478,2026-09-17,Biltmore Championship Asheville,current,1.0,-0.7498674509844149,-0.3975006742498457,-0.7498674509844149,-0.3863244596869523,1,0.85,-0.15335,-0.2992022498297749,-0.7498674509844149,-0.3814929634296302,-0.8469418618885064,-0.4313858197096363,,,,,,,0.0,0,-0.8469418618885064,0.85
Davis Riley,44320151,6300,48.3,-0.68,-0.41,-0.18,0.41,-0.86,,,,,-0.161,-0.239,-0.157,-0.156,0.391,Statz Golf 2026 full-season SG table (current),True,True,,5,2026-09-28 research build,,,,-0.760769637639135,-0.9818127979168304,-0.089450712526446,False,-0.8283707280557235,-0.8283707280557235,-0.6150549859822372,2026-09-17,Biltmore Championship Asheville,current,1.0,-0.8283707280557235,-0.6045969002314935,-0.8283707280557235,-0.592268496072837,1,0.85,-0.1939,-0.3980282419897227,-0.8283707280557235,-0.5868317576954736,-0.8572172114078542,-0.5490954207713146,,,,,,,0.0,0,-0.8572172114078543,0.85
Joe Highsmith,44320145,6400,50.8,-0.34,-0.1,-0.14,-0.27,-0.84,,,,,-1.906,-0.357,-0.754,-0.29,-0.505,Statz Golf 2026 full-season SG table (current),True,True,,5,2026-09-28 research build,,,,-0.4375152973613666,-0.9524368373027504,-1.9838172020535525,False,-0.7284627685871294,-0.7284627685871294,-0.5373182513018131,2026-07-19,Corales Puntacana Championship,older_snapshot,0.55,-0.7284627685871294,-0.5280352988994941,-0.7284627685871294,-0.5171732400416722,1,0.7375,-0.57535,-1.32767496725266,-0.7284627685871294,-0.5125067689379011,-0.8740837762995229,-0.6218961083472643,,,-17.0,6.0,,0.23651474905243605,0.23651474905243605,1,-0.8504323013942794,0.7775000000000001
Garrick Higgo,44320126,6700,42.9,0.01,-0.71,-0.2,-0.07,-0.97,,,,,,,,,,Statz Golf 2026 full-season SG table (current),True,False,,5,2026-09-28 research build,,,,-0.5832489962515273,-1.1433805812942694,,False,-0.889009626904157,-0.889009626904157,-0.9052351792942496,,,,0.0,-0.889009626904157,-0.8940638491470876,-0.889009626904157,-0.8808454501887464,0,0.6,,,-0.889009626904157,-0.8749411999180554,-0.889009626904157,-0.79788125061022,,,,,,,0.0,0,-0.889009626904157,0.6
Rafael Campos,44320165,6100,39.8,-0.26,-0.05,-0.42,-0.36,-1.07,,,,,0.193,0.015,0.051,0.074,0.053,Statz Golf 2026 full-season SG table (current),True,True,,5,2026-09-28 research build,,,,-0.4871228845469032,-1.2902603843646687,0.2948505695896546,False,-0.9604499709737604,-0.9604499709737604,-0.6820623623674399,2026-09-17,Biltmore Championship Asheville,current,1.0,-0.9604499709737604,-0.6700507395030042,-0.9604499709737604,-0.6557838133464936,1,0.85,0.0348,0.1593454795141016,-0.9604499709737604,-0.6493287745365941,-0.92299764003909,-0.5218176746660295,,,,,,,0.0,0,-0.92299764003909,0.85
Danny Walker,44320156,6200,49.2,-0.26,-0.17,-0.01,-0.42,-0.86,,,,,-0.878,0.095,-0.375,-0.469,-0.129,Statz Golf 2026 full-season SG table (current),True,True,,5,2026-09-28 research build,61.0,-1.0,-1.401270049525993,-0.4266700037427479,-0.9818127979168304,-0.8678236483378703,True,-0.8849728245342261,-0.8849728245342261,-0.6362329887197353,2026-09-17,Biltmore Championship Asheville,current,1.0,-0.8849728245342261,-0.6251091400856693,-0.8849728245342261,-0.6119499891213522,1,1.0,-0.1635,-0.3239392121090219,-0.8849728245342261,-0.6060768616638191,-0.9879521499734644,-0.6517958992680676,-1.0,61.0,,,-1.7363003385785991,,-1.7363003385785991,1,-1.0214551788787247,1.0
David Lingmerth,44320173,6000,35.8,-0.68,-0.593,-0.095,0.342,-1.026,287.6,64.8,63.49,PGA Tour/Korn Ferry 2026 player stats,,,,,,PGA Tour/Korn Ferry 2026 player stats,True,False,,5,2026-09-28 research build,,,,-0.9116273921990614,-1.225633271013693,,False,-1.0245684742086658,-1.0245684742086658,-0.7130570136037028,,,,0.0,-1.0245684742086658,-0.7002912186812729,-1.0245684742086658,-0.6850832277045505,0,0.6,,,-1.0245684742086658,-0.6781338500558207,-1.0245684742086658,-0.5898414445312106,,,,,,,0.0,0,-1.0245684742086658,0.6
Kensei Hirata,44320169,6000,42.8,-0.04,-0.59,-0.03,-0.23,-0.89,,,,,-1.762,-0.145,-1.123,-0.021,-0.474,Statz Golf 2026 full-season SG table (current),True,True,,5,2026-09-28 research build,,,,-0.5144923827461565,-1.0258767388379502,-1.827491256785986,False,-0.7954429759312067,-0.7954429759312067,-0.4138123676459669,2026-09-17,Biltmore Championship Asheville,current,1.0,-0.7954429759312067,-0.4037415833656563,-0.7954429759312067,-0.3918964585658385,1,0.85,-0.6829000000000001,-1.5897892818470472,-0.7954429759312067,-0.3867135855460437,-1.0576815657021577,-0.6292135785085717,,,,,,,0.0,0,-1.0576815657021577,0.85
Nick Dunlap,44320153,6300,44.3,-1.01,0.04,0.09,-0.11,-0.99,,,,,-1.493,-1.087,-0.282,0.203,-0.327,Statz Golf 2026 full-season SG table (current),True,True,,5,2026-09-28 research build,,,,-0.776638484160892,-1.1727565419083492,-1.535465706251435,False,-0.95645137328065,-0.95645137328065,-0.782332079201949,2026-09-17,Biltmore Championship Asheville,current,1.0,-0.95645137328065,-0.7703674884811096,-0.95645137328065,-0.756159249590042,1,0.85,-0.64425,-1.495593854054643,-0.95645137328065,-0.7497350390440731,-1.1847776366085256,-0.9385713762017216,,,,,,,0.0,0,-1.1847776366085256,0.85
Adam Schenk,44320159,6200,41.8,-0.39,-0.38,-0.12,-0.27,-1.16,,,,,-0.616,-0.421,0.193,-0.083,-0.304,Statz Golf 2026 full-season SG table (current),True,True,,5,2026-09-28 research build,47.0,-7.0,-0.4121382498605862,-0.7227506863800653,-1.4224522071280277,-0.5833972756982704,True,-1.146495431214293,-1.146495431214293,-0.977789211987182,2026-09-17,Biltmore Championship Asheville,current,1.0,-1.146495431214293,-0.9635892927566256,-1.146495431214293,-0.9465917844941814,1,1.0,-0.0833,-0.1284806530158574,-1.146495431214293,-0.9387023781905804,-1.211259191434913,-0.9173124776955552,-7.0,47.0,,,-0.6623001291485378,,-0.6623001291485378,1,-1.2362753793637082,1.0
Michael Thompson,44320161,6200,58.0,-0.46,-1.643,,0.143,-1.527,295.8,76.92,62.5,PGA Tour 2026 player stats,,,,,,PGA Tour 2026 player stats,True,False,,4,2026-09-28 research build,,,,,-1.9615010843963925,,False,-1.274975704857655,-1.274975704857655,-1.1455882316860002,,,,0.0,-1.274975704857655,-1.1298771069921745,-1.274975704857655,-1.1109938986663024,0,0.48,,,-1.274975704857655,-1.1021139391513648,-1.274975704857655,-0.9930726978955804,,,,,,,0.0,0,-1.274975704857655,0.48
Patton Kizzire,44320166,6100,41.7,-0.87,-0.19,0.17,-0.24,-1.14,,,,,-1.085,-0.446,-0.829,0.043,0.147,Statz Golf 2026 full-season SG table (current),True,True,,5,2026-09-28 research build,,,,-0.8644245382676233,-1.393076246513948,-1.092542194659997,False,-1.121605694800972,-1.121605694800972,-0.8925364819363525,2026-09-17,Biltmore Championship Asheville,current,1.0,-1.121605694800972,-0.8786293197538666,-1.121605694800972,-0.8619971172010256,1,0.85,-0.6566500000000001,-1.5258143794007184,-1.121605694800972,-0.8542996050118628,-1.3071506332370078,-0.9785833354309093,,,,,,,0.0,0,-1.3071506332370078,0.85
Marcelo Rozo,44320170,6000,34.8,-0.02,-0.21,-0.41,-0.78,-1.42,,,,,-1.436,-0.039,-1.167,-0.841,0.61,Statz Golf 2026 full-season SG table (current),True,True,,5,2026-09-28 research build,,,,-0.575643591838822,-1.8043396951110653,-1.4735866862496898,False,-1.316731699781898,-1.316731699781898,-1.094630787172373,2026-10-01,Bank of Utah Championship,current,1.0,-1.316731699781898,-1.0784285218087428,-1.638426128758152,-1.4705695389246625,1,0.85,-0.6594,-1.5325165120379527,-1.6844754200174463,-1.517456658495744,-1.5407161940087644,-1.2035514987577405,,,,,,,0.0,0,-1.5407161940087646,0.85
Alejandro Tosti,44320157,6200,35.8,0.2,-0.76,-0.13,-0.76,-1.45,,,,,-1.35,0.108,-0.562,0.102,-0.999,Statz Golf 2026 full-season SG table (current),True,True,,5,2026-09-28 research build,,,,-0.7108260972060562,-1.8484036360321847,-1.3802253578260046,False,-1.3791688877224346,-1.3791688877224346,-1.28166759584225,2026-09-17,Biltmore Championship Asheville,current,1.0,-1.3791688877224342,-1.264730934319184,-1.3791688877224342,-1.2443184866325507,1,0.85,-0.2605,-0.560341708767837,-1.3791688877224342,-1.2346352217621734,-1.5452085089434264,-1.3143849550019313,,,,,,,0.0,0,-1.5452085089434264,0.85
Kihei Akina,44320137,6600,57.3,-1.226,-1.191,,0.611,-1.817,303.9,60.71,68.06,PGA Tour 2026 player stats,,,,,,PGA Tour 2026 player stats,True,False,,4,2026-09-28 research build,,,,,-2.38745251330055,,False,-1.5518441336453577,-1.5518441336453577,-1.7181705566626828,,,,0.0,-1.5518441336453577,-1.6992028613660244,-1.5518441336453577,-1.676256065697746,0,0.48,,,-1.5518441336453577,-1.6652415145955066,-1.5518441336453577,-1.5332588529455282,,,,,,,0.0,0,-1.5518441336453577,0.48
Cameron Davis,44320158,6200,41.8,-0.79,-0.48,-0.2,-0.28,-1.75,,,,,-1.617,-0.981,0.002,-0.296,-0.341,Statz Golf 2026 full-season SG table (current),True,True,,5,2026-09-28 research build,,,,-1.2344443065440325,-2.2890430452433828,-1.6700797146762838,False,-1.7964890560442068,-1.7964890560442068,-1.8267000211258264,2026-09-17,Biltmore Championship Asheville,current,1.0,-1.796489056044207,-1.8048547732461424,-1.796489056044207,-1.7783173334065627,1,0.85,-0.44035,-0.9986611832429692,-1.796489056044207,-1.765416626502756,-2.013430086673984,-1.8711098592025,,,,,,,0.0,0,-2.013430086673984,0.85
Christo Lamprecht,44320168,6000,40.2,-0.06,-1.31,-0.01,-0.26,-1.64,,,,,-2.436,0.135,-1.897,-0.353,-0.322,Statz Golf 2026 full-season SG table (current),True,True,,5,2026-09-28 research build,,,,-1.1720153430423577,-2.127475261865944,-2.5591835283855677,False,-1.6758627559734527,-1.6758627559734527,-1.5636665189892276,2026-09-17,Biltmore Championship Asheville,current,1.0,-1.6758627559734531,-1.543240096883428,-1.6758627559734531,-1.518473084637472,1,0.85,-0.9826,-2.320199882348561,-1.6758627559734531,-1.506502378624217,-2.047791102929438,-1.8064737977676912,,,,,,,0.0,0,-2.047791102929438,0.85
Kyoung-Hoon Lee,44320164,6100,33.2,-0.34,-1.43,-0.46,-0.3,-2.54,,,,,,,,,,Statz Golf 2026 full-season SG table (current),True,False,,5,2026-09-28 research build,,,,-1.7731677989321812,-3.449393489499536,,False,-2.6853977179077435,-2.6853977179077435,-2.934894900463155,,,,0.0,-2.685397717907744,-2.902594167176547,-2.685397717907744,-2.863010248896936,0,0.6,,,-2.685397717907744,-2.843256261683049,-2.685397717907744,-2.617346930857477,,,,,,,0.0,0,-2.685397717907744,0.6
Brendon Todd,44320167,6100,34.2,-0.63,-1.96,0.09,0.21,-2.28,,,,,-2.295,-0.557,-2.255,0.092,0.425,Statz Golf 2026 full-season SG table (current),True,True,,5,2026-09-28 research build,,,,-2.039520613171565,-3.067506001516498,-2.406114373644409,False,-2.503759054278615,-2.503759054278615,-2.6976694585172987,2026-09-17,Biltmore Championship Asheville,current,1.0,-2.503759054278615,-2.667505188152456,-2.503759054278615,-2.63058717359342,1,0.85,-1.4909,-3.558997707623567,-2.503759054278615,-2.612233578489999,-2.922320377024234,-2.899052753427396,,,,,,,0.0,0,-2.9223203770242345,0.85
